SOFT_BIAS_GAMMA,TIE_ALPHA,TIE_BETA,TIE_EPSILON,CAL_FLOOR,CAL_PENALTY_GAMMA,avg_final_sp,avg_delta_sp_per_100kcal,avg_variety_count,per_budget
0.31418159310566596,0.08718667752263232,0.08144835273407967,0.19693021144459516,470.0,0.1526146644092896,47.66353967433549,-0.0004301803951607766,10.0,"[{""budget"": 500000, ""final_sp"": 47.66353967433549, ""delta_sp_per_100kcal"": -0.0004301803951607766, ""variety_count"": 10}]"
3.2172122402035614,0.33219769850967984,0.17041732378587374,0.24369615704977293,301.0,1.335185578515821,47.67621962035779,-0.0004276444059563161,10.0,"[{""budget"": 500000, ""final_sp"": 47.67621962035779, ""delta_sp_per_100kcal"": -0.0004276444059563161, ""variety_count"": 10}]"
1.4709801151056667,0.0016705535792228554,0.08725515868304368,0.1788521497753806,379.0,0.2795078458367297,47.67621962035779,-0.0004276444059563161,10.0,"[{""budget"": 500000, ""final_sp"": 47.67621962035779, ""delta_sp_per_100kcal"": -0.0004276444059563161, ""variety_count"": 10}]"
1.8927538424151797,0.44832170830694373,0.1810797304568998,0.18348810524064557,243.0,3.1602873774352065,47.67621962035779,-0.0004276444059563161,10.0,"[{""budget"": 500000, ""final_sp"": 47.67621962035779, ""delta_sp_per_100kcal"": -0.0004276444059563161, ""variety_count"": 10}]"
0.12741584890193547,0.9111505480903207,0.11468161713618544,0.33878953473540696,451.0,3.075178989919934,46.325047699908126,-0.0006978787900462492,10.0,"[{""budget"": 500000, ""final_sp"": 46.325047699908126, ""delta_sp_per_100kcal"": -0.0006978787900462492, ""variety_count"": 10}]"
2.0607729489357878,0.801496591292033,0.04137249413322228,0.6480122735714979,358.0,3.2373540985752194,47.67621962035779,-0.0004276444059563161,10.0,"[{""budget"": 500000, ""final_sp"": 47.67621962035779, ""delta_sp_per_100kcal"": -0.0004276444059563161, ""variety_count"": 10}]"
1.8915789132959286,0.3982381514678992,0.15385581798278478,0.5614769204776585,405.0,2.553413057221995,47.29577064440589,-0.0005037342011466961,10.0,"[{""budget"": 500000, ""final_sp"": 47.29577064440589, ""delta_sp_per_100kcal"": -0.0005037342011466961, ""variety_count"": 10}]"
3.9999457864390857,0.8900985705369023,0.0972272940287128,0.7016231997128324,312.0,0.12736522696440744,47.67621962035779,-0.0004276444059563161,10.0,"[{""budget"": 500000, ""final_sp"": 47.67621962035779, ""delta_sp_per_100kcal"": -0.0004276444059563161, ""variety_count"": 10}]"
4.5250390311532325,0.18146491591504088,0.16403803688676621,0.9222813206778067,397.0,0.6805075506836329,47.66353967433549,-0.0004301803951607766,10.0,"[{""budget"": 500000, ""final_sp"": 47.66353967433549, ""delta_sp_per_100kcal"": -0.0004301803951607766, ""variety_count"": 10}]"
2.021496916750237,0.39119330707130273,0.014658155624737313,0.5110903631813083,372.0,1.3444243972393362,47.67621962035779,-0.0004276444059563161,10.0,"[{""budget"": 500000, ""final_sp"": 47.67621962035779, ""delta_sp_per_100kcal"": -0.0004276444059563161, ""variety_count"": 10}]"
1.1343712174684588,0.08815729492607605,0.12566350454615854,0.11154619832735205,306.0,0.9165190579211369,47.67621962035779,-0.0004276444059563161,10.0,"[{""budget"": 500000, ""final_sp"": 47.67621962035779, ""delta_sp_per_100kcal"": -0.0004276444059563161, ""variety_count"": 10}]"
3.1919849440905876,0.7236633511192414,0.18183065512735588,0.6749207553187913,498.0,3.8562366892155273,46.325047699908126,-0.0006978787900462492,10.0,"[{""budget"": 500000, ""final_sp"": 46.325047699908126, ""delta_sp_per_100kcal"": -0.0006978787900462492, ""variety_count"": 10}]"
3.779944258345474,0.2333731840861596,0.09676229652862933,0.2598307575165145,498.0,1.7779996805962965,46.325047699908126,-0.0006978787900462492,10.0,"[{""budget"": 500000, ""final_sp"": 46.325047699908126, ""delta_sp_per_100kcal"": -0.0006978787900462492, ""variety_count"": 10}]"
4.50990094816518,0.044129856006443924,0.02694552012732672,0.2738592730381183,277.0,1.4081901217987047,47.67621962035779,-0.0004276444059563161,10.0,"[{""budget"": 500000, ""final_sp"": 47.67621962035779, ""delta_sp_per_100kcal"": -0.0004276444059563161, ""variety_count"": 10}]"
1.6315791139605096,0.43426858361265375,0.08407146334701082,0.19775875103344148,219.0,1.4202457877115164,47.67621962035779,-0.0004276444059563161,10.0,"[{""budget"": 500000, ""final_sp"": 47.67621962035779, ""delta_sp_per_100kcal"": -0.0004276444059563161, ""variety_count"": 10}]"
0.5327334292041734,0.4332003138771612,0.0017122429545738617,0.582220916745908,222.0,2.77682365879694,47.67621962035779,-0.0004276444059563161,10.0,"[{""budget"": 500000, ""final_sp"": 47.67621962035779, ""delta_sp_per_100kcal"": -0.0004276444059563161, ""variety_count"": 10}]"
2.425243602505484,0.9853481748883274,0.05250800394380999,0.525259666366339,425.0,1.3393221620938651,47.29577064440589,-0.0005037342011466961,10.0,"[{""budget"": 500000, ""final_sp"": 47.29577064440589, ""delta_sp_per_100kcal"": -0.0005037342011466961, ""variety_count"": 10}]"
2.0902021239903084,0.6391279372281128,0.19393721545317558,0.895492124310601,326.0,2.8708716294086427,47.67621962035779,-0.0004276444059563161,10.0,"[{""budget"": 500000, ""final_sp"": 47.67621962035779, ""delta_sp_per_100kcal"": -0.0004276444059563161, ""variety_count"": 10}]"
4.074311709880121,0.3721096192953053,0.046992687499693035,0.17053883032710276,464.0,0.22863685363718655,47.507026663737406,-0.0004614829972803932,10.0,"[{""budget"": 500000, ""final_sp"": 47.507026663737406, ""delta_sp_per_100kcal"": -0.0004614829972803932, ""variety_count"": 10}]"
3.112176748538401,0.5375363775056881,0.029227846732321552,0.6903385452569001,475.0,3.1045318792961485,46.325047699908126,-0.0006978787900462492,10.0,"[{""budget"": 500000, ""final_sp"": 46.325047699908126, ""delta_sp_per_100kcal"": -0.0006978787900462492, ""variety_count"": 10}]"
2.3355555997113067,0.1264699588337581,0.19498591324347903,0.5653931379885196,389.0,3.209106582084151,47.35143647835694,-0.0004926010343564869,10.0,"[{""budget"": 500000, ""final_sp"": 47.35143647835694, ""delta_sp_per_100kcal"": -0.0004926010343564869, ""variety_count"": 10}]"
2.317476977356475,0.06205576465547391,0.027203158221752302,0.7016024233292871,305.0,3.4843088310493533,47.67621962035779,-0.0004276444059563161,10.0,"[{""budget"": 500000, ""final_sp"": 47.67621962035779, ""delta_sp_per_100kcal"": -0.0004276444059563161, ""variety_count"": 10}]"
4.4409870529235755,0.9804391466902661,0.133766870872898,0.3734252012231044,437.0,0.11303213711313642,47.67621962035779,-0.0004276444059563161,10.0,"[{""budget"": 500000, ""final_sp"": 47.67621962035779, ""delta_sp_per_100kcal"": -0.0004276444059563161, ""variety_count"": 10}]"
3.129544630267753,0.8713946678999259,0.10294382804122314,0.22363434813330907,350.0,2.181830964276974,47.67621962035779,-0.0004276444059563161,10.0,"[{""budget"": 500000, ""final_sp"": 47.67621962035779, ""delta_sp_per_100kcal"": -0.0004276444059563161, ""variety_count"": 10}]"
2.2140032898591877,0.8934335602088669,0.06801617010363473,0.34457624954606825,352.0,0.8130882050542434,47.67621962035779,-0.0004276444059563161,10.0,"[{""budget"": 500000, ""final_sp"": 47.67621962035779, ""delta_sp_per_100kcal"": -0.0004276444059563161, ""variety_count"": 10}]"
1.932343360686984,0.39817018093932177,0.1876524977394154,0.17232563168193316,259.0,0.797997378054712,47.67621962035779,-0.0004276444059563161,10.0,"[{""budget"": 500000, ""final_sp"": 47.67621962035779, ""delta_sp_per_100kcal"": -0.0004276444059563161, ""variety_count"": 10}]"
5.971590081948003,0.8908087016430518,0.03883265892900496,0.6081620410668493,226.0,1.268112810961631,47.67621962035779,-0.0004276444059563161,10.0,"[{""budget"": 500000, ""final_sp"": 47.67621962035779, ""delta_sp_per_100kcal"": -0.0004276444059563161, ""variety_count"": 10}]"
2.0468654731453078,0.5376819978167684,0.1858748642958847,0.8281174878918427,360.0,3.144320216831353,47.67621962035779,-0.0004276444059563161,10.0,"[{""budget"": 500000, ""final_sp"": 47.67621962035779, ""delta_sp_per_100kcal"": -0.0004276444059563161, ""variety_count"": 10}]"
2.9037542265185836,0.7305603280541011,0.15539088849458782,0.3311665642439344,450.0,2.311776693676462,46.325047699908126,-0.0006978787900462492,10.0,"[{""budget"": 500000, ""final_sp"": 46.325047699908126, ""delta_sp_per_100kcal"": -0.0006978787900462492, ""variety_count"": 10}]"
2.9167197498912394,0.39581331546975873,0.044829961419612485,0.5511317978237799,238.0,2.53913101571681,47.67621962035779,-0.0004276444059563161,10.0,"[{""budget"": 500000, ""final_sp"": 47.67621962035779, ""delta_sp_per_100kcal"": -0.0004276444059563161, ""variety_count"": 10}]"
5.389609506448602,0.7905260294765033,0.12183155711047547,0.5450269789178304,409.0,0.4892652836820375,47.66353967433549,-0.0004301803951607766,10.0,"[{""budget"": 500000, ""final_sp"": 47.66353967433549, ""delta_sp_per_100kcal"": -0.0004301803951607766, ""variety_count"": 10}]"
0.3146122259190245,0.8616470728871337,0.0723682149614145,0.702052563952065,326.0,1.4346822266755797,47.67621962035779,-0.0004276444059563161,10.0,"[{""budget"": 500000, ""final_sp"": 47.67621962035779, ""delta_sp_per_100kcal"": -0.0004276444059563161, ""variety_count"": 10}]"
4.621715804146834,0.3430332825441691,0.15074279187987757,0.8384303137463078,254.0,3.9089217724230383,47.67621962035779,-0.0004276444059563161,10.0,"[{""budget"": 500000, ""final_sp"": 47.67621962035779, ""delta_sp_per_100kcal"": -0.0004276444059563161, ""variety_count"": 10}]"
0.37465313859099614,0.41472735535603067,0.10009495953541879,0.846421961724645,252.0,2.2361218743444775,47.67621962035779,-0.0004276444059563161,10.0,"[{""budget"": 500000, ""final_sp"": 47.67621962035779, ""delta_sp_per_100kcal"": -0.0004276444059563161, ""variety_count"": 10}]"
2.2111031443994893,0.921682844280444,0.024465358120519934,0.33887446040322344,446.0,1.2889360503826013,47.23810506755015,-0.0005152673165178442,10.0,"[{""budget"": 500000, ""final_sp"": 47.23810506755015, ""delta_sp_per_100kcal"": -0.0005152673165178442, ""variety_count"": 10}]"
5.665326314296653,0.05160391767299877,0.07768363103049117,0.19671931355441577,372.0,3.8524983139735918,47.56326229165892,-0.0004502358716960899,10.0,"[{""budget"": 500000, ""final_sp"": 47.56326229165892, ""delta_sp_per_100kcal"": -0.0004502358716960899, ""variety_count"": 10}]"
1.9481708068850152,0.6468358371065772,0.05318286395199548,0.49529949580497923,371.0,0.9936532362934436,47.67621962035779,-0.0004276444059563161,10.0,"[{""budget"": 500000, ""final_sp"": 47.67621962035779, ""delta_sp_per_100kcal"": -0.0004276444059563161, ""variety_count"": 10}]"
4.142809619999805,0.500995811633457,0.18109263915274498,0.347519145186696,486.0,0.7288233376544522,47.23810506755015,-0.0005152673165178442,10.0,"[{""budget"": 500000, ""final_sp"": 47.23810506755015, ""delta_sp_per_100kcal"": -0.0005152673165178442, ""variety_count"": 10}]"
0.11947334236442919,0.6602046601210401,0.14675250371082035,0.5295895798623198,213.0,3.9925369185779194,47.67621962035779,-0.0004276444059563161,10.0,"[{""budget"": 500000, ""final_sp"": 47.67621962035779, ""delta_sp_per_100kcal"": -0.0004276444059563161, ""variety_count"": 10}]"
0.8493105467784856,0.8704672557844291,0.17830652585885878,0.2987713056647883,459.0,1.8536252827678994,46.325047699908126,-0.0006978787900462492,10.0,"[{""budget"": 500000, ""final_sp"": 46.325047699908126, ""delta_sp_per_100kcal"": -0.0006978787900462492, ""variety_count"": 10}]"
5.397495161408576,0.8875234097345991,0.1548594891211652,0.35983921762685467,374.0,3.9252542261462784,47.507026663737406,-0.0004614829972803932,10.0,"[{""budget"": 500000, ""final_sp"": 47.507026663737406, ""delta_sp_per_100kcal"": -0.0004614829972803932, ""variety_count"": 10}]"
1.9237401960720562,0.3865008743671855,0.1375978617187225,0.15637207988223753,276.0,0.672081500155632,47.67621962035779,-0.0004276444059563161,10.0,"[{""budget"": 500000, ""final_sp"": 47.67621962035779, ""delta_sp_per_100kcal"": -0.0004276444059563161, ""variety_count"": 10}]"
2.4963402609955825,0.4249764758602258,0.12141170950676548,0.547128719884104,249.0,0.18648428527861194,47.67621962035779,-0.0004276444059563161,10.0,"[{""budget"": 500000, ""final_sp"": 47.67621962035779, ""delta_sp_per_100kcal"": -0.0004276444059563161, ""variety_count"": 10}]"
3.148633189466378,0.7638566846893943,0.18537878026251725,0.855674491633858,291.0,3.462692972310255,47.67621962035779,-0.0004276444059563161,10.0,"[{""budget"": 500000, ""final_sp"": 47.67621962035779, ""delta_sp_per_100kcal"": -0.0004276444059563161, ""variety_count"": 10}]"
2.804349268561741,0.2824470291123572,0.018431745623391827,0.49844117426555745,363.0,1.1171974780373142,47.67621962035779,-0.0004276444059563161,10.0,"[{""budget"": 500000, ""final_sp"": 47.67621962035779, ""delta_sp_per_100kcal"": -0.0004276444059563161, ""variety_count"": 10}]"
1.1717929476815416,0.9408904680768644,0.013554983787965758,0.9454530310120045,322.0,3.1660711600946136,47.67621962035779,-0.0004276444059563161,10.0,"[{""budget"": 500000, ""final_sp"": 47.67621962035779, ""delta_sp_per_100kcal"": -0.0004276444059563161, ""variety_count"": 10}]"
0.6656882938810538,0.5700076403666973,0.1523392448635228,0.49241055522533006,307.0,1.9728752414751205,47.67621962035779,-0.0004276444059563161,10.0,"[{""budget"": 500000, ""final_sp"": 47.67621962035779, ""delta_sp_per_100kcal"": -0.0004276444059563161, ""variety_count"": 10}]"
1.1667594878201413,0.2116300536464455,0.04826230551659701,0.13380099177383759,473.0,0.2937596858635749,47.35143647835694,-0.0004926010343564869,10.0,"[{""budget"": 500000, ""final_sp"": 47.35143647835694, ""delta_sp_per_100kcal"": -0.0004926010343564869, ""variety_count"": 10}]"
5.562828720772091,0.010956133993142214,0.13124268997001542,0.5922348680120326,213.0,3.7658670916119683,47.67621962035779,-0.0004276444059563161,10.0,"[{""budget"": 500000, ""final_sp"": 47.67621962035779, ""delta_sp_per_100kcal"": -0.0004276444059563161, ""variety_count"": 10}]"
4.3846155652444665,0.879131196833377,0.08713276788417301,0.3622448521439078,256.0,0.4508779729171981,47.67621962035779,-0.0004276444059563161,10.0,"[{""budget"": 500000, ""final_sp"": 47.67621962035779, ""delta_sp_per_100kcal"": -0.0004276444059563161, ""variety_count"": 10}]"
4.025699107782375,0.8217967921854112,0.04240222203060267,0.12336966301349683,308.0,0.6114986975757915,47.67621962035779,-0.0004276444059563161,10.0,"[{""budget"": 500000, ""final_sp"": 47.67621962035779, ""delta_sp_per_100kcal"": -0.0004276444059563161, ""variety_count"": 10}]"
1.3496038651893292,0.22204968713636175,0.13248428243406873,0.49114288875167167,368.0,1.5603472911437932,47.67621962035779,-0.0004276444059563161,10.0,"[{""budget"": 500000, ""final_sp"": 47.67621962035779, ""delta_sp_per_100kcal"": -0.0004276444059563161, ""variety_count"": 10}]"
5.902025024777675,0.4969333772990141,0.008518921266176994,0.2253003897374946,419.0,3.6505096884620163,46.325047699908126,-0.0006978787900462492,10.0,"[{""budget"": 500000, ""final_sp"": 46.325047699908126, ""delta_sp_per_100kcal"": -0.0006978787900462492, ""variety_count"": 10}]"
0.7558727914990964,0.46010439043098517,0.1724301730884368,0.5966201897945157,205.0,2.083489041119996,47.67621962035779,-0.0004276444059563161,10.0,"[{""budget"": 500000, ""final_sp"": 47.67621962035779, ""delta_sp_per_100kcal"": -0.0004276444059563161, ""variety_count"": 10}]"
1.7325394911822494,0.21337344788451662,0.1873235330689482,0.1951542515878979,449.0,3.012038978781007,46.325047699908126,-0.0006978787900462492,10.0,"[{""budget"": 500000, ""final_sp"": 46.325047699908126, ""delta_sp_per_100kcal"": -0.0006978787900462492, ""variety_count"": 10}]"
3.5569390504554717,0.32486423653465846,0.01655409452395191,0.701870638768047,488.0,0.7191866165038858,47.23810506755015,-0.0005152673165178442,10.0,"[{""budget"": 500000, ""final_sp"": 47.23810506755015, ""delta_sp_per_100kcal"": -0.0005152673165178442, ""variety_count"": 10}]"
0.756881827548118,0.4751641611797546,0.17027144560631127,0.10478376780680859,437.0,0.34522644671872715,47.45095445664522,-0.00047269743869883025,10.0,"[{""budget"": 500000, ""final_sp"": 47.45095445664522, ""delta_sp_per_100kcal"": -0.00047269743869883025, ""variety_count"": 10}]"
0.1937466009651727,0.14640918537283643,0.09152126078338228,0.9432640320117691,398.0,0.23850187827258607,47.67621962035779,-0.0004276444059563161,10.0,"[{""budget"": 500000, ""final_sp"": 47.67621962035779, ""delta_sp_per_100kcal"": -0.0004276444059563161, ""variety_count"": 10}]"
0.9101847908371612,0.46133459132683863,0.018057470223798954,0.7015146481771813,308.0,3.8243077043300393,47.67621962035779,-0.0004276444059563161,10.0,"[{""budget"": 500000, ""final_sp"": 47.67621962035779, ""delta_sp_per_100kcal"": -0.0004276444059563161, ""variety_count"": 10}]"
4.91820319919359,0.8169072288210812,0.0470266070735083,0.4881707661398621,401.0,0.35761227236025483,47.67621962035779,-0.0004276444059563161,10.0,"[{""budget"": 500000, ""final_sp"": 47.67621962035779, ""delta_sp_per_100kcal"": -0.0004276444059563161, ""variety_count"": 10}]"
0.05724881403233195,0.32738193623091594,0.0801423152469917,0.8082030937523572,444.0,0.23182054013510012,47.66353967433549,-0.0004301803951607766,10.0,"[{""budget"": 500000, ""final_sp"": 47.66353967433549, ""delta_sp_per_100kcal"": -0.0004301803951607766, ""variety_count"": 10}]"
0.387617697283396,0.9247776214009266,0.057613595179428434,0.21260297374130838,438.0,3.1399520601299833,46.325047699908126,-0.0006978787900462492,10.0,"[{""budget"": 500000, ""final_sp"": 46.325047699908126, ""delta_sp_per_100kcal"": -0.0006978787900462492, ""variety_count"": 10}]"
3.6281615448591102,0.7674206692040997,0.17191955130966033,0.867821943676629,279.0,1.6834881298693825,47.67621962035779,-0.0004276444059563161,10.0,"[{""budget"": 500000, ""final_sp"": 47.67621962035779, ""delta_sp_per_100kcal"": -0.0004276444059563161, ""variety_count"": 10}]"
5.906670818709462,0.36774486579456134,0.1252177255306408,0.8618528274832635,463.0,2.410615095178153,46.325047699908126,-0.0006978787900462492,10.0,"[{""budget"": 500000, ""final_sp"": 46.325047699908126, ""delta_sp_per_100kcal"": -0.0006978787900462492, ""variety_count"": 10}]"
2.099131791895936,0.6902319553617339,0.0006573078043344394,0.41548813995514955,428.0,2.5864161638657728,46.325047699908126,-0.0006978787900462492,10.0,"[{""budget"": 500000, ""final_sp"": 46.325047699908126, ""delta_sp_per_100kcal"": -0.0006978787900462492, ""variety_count"": 10}]"
0.47930956088851673,0.7196193276618658,0.12200188834315458,0.5002463830567624,231.0,2.3853193210530943,47.67621962035779,-0.0004276444059563161,10.0,"[{""budget"": 500000, ""final_sp"": 47.67621962035779, ""delta_sp_per_100kcal"": -0.0004276444059563161, ""variety_count"": 10}]"
4.4734583139738895,0.19872545748257486,0.1269811103915859,0.16354763487362772,262.0,1.4330686756185087,47.67621962035779,-0.0004276444059563161,10.0,"[{""budget"": 500000, ""final_sp"": 47.67621962035779, ""delta_sp_per_100kcal"": -0.0004276444059563161, ""variety_count"": 10}]"
4.668123564758865,0.28329957763466107,0.17806321911934864,0.9847881301508037,249.0,0.106859304319745,47.67621962035779,-0.0004276444059563161,10.0,"[{""budget"": 500000, ""final_sp"": 47.67621962035779, ""delta_sp_per_100kcal"": -0.0004276444059563161, ""variety_count"": 10}]"
4.372324170073169,0.764372512055565,0.18018444869724137,0.7052193630130585,434.0,1.462080394744948,47.23810506755015,-0.0005152673165178442,10.0,"[{""budget"": 500000, ""final_sp"": 47.23810506755015, ""delta_sp_per_100kcal"": -0.0005152673165178442, ""variety_count"": 10}]"
0.6048799367122095,0.9999133401695608,0.12093865588515225,0.3434053056622301,468.0,0.2943685162398295,47.35143647835694,-0.0004926010343564869,10.0,"[{""budget"": 500000, ""final_sp"": 47.35143647835694, ""delta_sp_per_100kcal"": -0.0004926010343564869, ""variety_count"": 10}]"
0.3406861833333903,0.2548510682668663,0.026018235463010943,0.4696729100010494,386.0,2.077678048384806,47.35143647835694,-0.0004926010343564869,10.0,"[{""budget"": 500000, ""final_sp"": 47.35143647835694, ""delta_sp_per_100kcal"": -0.0004926010343564869, ""variety_count"": 10}]"
3.3222996829785982,0.1193780129122054,0.1069869400873085,0.9776450546437948,299.0,3.196989679366712,47.67621962035779,-0.0004276444059563161,10.0,"[{""budget"": 500000, ""final_sp"": 47.67621962035779, ""delta_sp_per_100kcal"": -0.0004276444059563161, ""variety_count"": 10}]"
3.8279159754414724,0.7620594872751336,0.13158949510516546,0.4955570173343399,270.0,0.37427606698294147,47.67621962035779,-0.0004276444059563161,10.0,"[{""budget"": 500000, ""final_sp"": 47.67621962035779, ""delta_sp_per_100kcal"": -0.0004276444059563161, ""variety_count"": 10}]"
0.6794718333773782,0.10092621246200106,0.15346998787066873,0.8535819809841486,445.0,3.5391886500984384,46.325047699908126,-0.0006978787900462492,10.0,"[{""budget"": 500000, ""final_sp"": 46.325047699908126, ""delta_sp_per_100kcal"": -0.0006978787900462492, ""variety_count"": 10}]"
2.1526110891838606,0.6740881292543922,0.16405599103034413,0.21907381526138592,200.0,0.8386233818525786,47.67621962035779,-0.0004276444059563161,10.0,"[{""budget"": 500000, ""final_sp"": 47.67621962035779, ""delta_sp_per_100kcal"": -0.0004276444059563161, ""variety_count"": 10}]"
5.4945830853703415,0.8076725484222771,0.02592846870860721,0.8624566575547303,252.0,1.0667275613934568,47.67621962035779,-0.0004276444059563161,10.0,"[{""budget"": 500000, ""final_sp"": 47.67621962035779, ""delta_sp_per_100kcal"": -0.0004276444059563161, ""variety_count"": 10}]"
1.008888189974079,0.8839396565417388,0.1656135176205275,0.15842667882395134,207.0,3.1649348309325385,47.67621962035779,-0.0004276444059563161,10.0,"[{""budget"": 500000, ""final_sp"": 47.67621962035779, ""delta_sp_per_100kcal"": -0.0004276444059563161, ""variety_count"": 10}]"
2.362132039641476,0.5684227872905153,0.1276219556849505,0.5892375979042156,256.0,1.2413298878492713,47.67621962035779,-0.0004276444059563161,10.0,"[{""budget"": 500000, ""final_sp"": 47.67621962035779, ""delta_sp_per_100kcal"": -0.0004276444059563161, ""variety_count"": 10}]"
3.584678540262728,0.7842863176897997,0.06764361857334625,0.12039476408827407,244.0,1.1395400130815236,47.67621962035779,-0.0004276444059563161,10.0,"[{""budget"": 500000, ""final_sp"": 47.67621962035779, ""delta_sp_per_100kcal"": -0.0004276444059563161, ""variety_count"": 10}]"
5.767040455339739,0.42697587022160943,0.09949879951025067,0.4804498714141252,460.0,3.2025403371868157,46.325047699908126,-0.0006978787900462492,10.0,"[{""budget"": 500000, ""final_sp"": 46.325047699908126, ""delta_sp_per_100kcal"": -0.0006978787900462492, ""variety_count"": 10}]"
0.9237440751561843,0.6660731959890057,0.10997593435999252,0.9077625054594892,219.0,2.3131617595282408,47.67621962035779,-0.0004276444059563161,10.0,"[{""budget"": 500000, ""final_sp"": 47.67621962035779, ""delta_sp_per_100kcal"": -0.0004276444059563161, ""variety_count"": 10}]"
1.1389172405325787,0.569344011830842,0.16343489715721335,0.490624339431725,360.0,1.4605102859319992,47.67621962035779,-0.0004276444059563161,10.0,"[{""budget"": 500000, ""final_sp"": 47.67621962035779, ""delta_sp_per_100kcal"": -0.0004276444059563161, ""variety_count"": 10}]"
5.669008560371412,0.8624100775732633,0.01793817049163333,0.1384585585075028,360.0,1.2458354145677806,47.67621962035779,-0.0004276444059563161,10.0,"[{""budget"": 500000, ""final_sp"": 47.67621962035779, ""delta_sp_per_100kcal"": -0.0004276444059563161, ""variety_count"": 10}]"
0.18741171992865824,0.6752073469432877,0.031237056635783557,0.6794413385748377,230.0,2.855702461324949,47.67621962035779,-0.0004276444059563161,10.0,"[{""budget"": 500000, ""final_sp"": 47.67621962035779, ""delta_sp_per_100kcal"": -0.0004276444059563161, ""variety_count"": 10}]"
5.02470156901103,0.7971722389105158,0.1765904567725927,0.6537383455477881,300.0,0.7297616196549517,47.67621962035779,-0.0004276444059563161,10.0,"[{""budget"": 500000, ""final_sp"": 47.67621962035779, ""delta_sp_per_100kcal"": -0.0004276444059563161, ""variety_count"": 10}]"
3.947115290375243,0.9742608251320932,0.1316152508263518,0.19353939800396258,213.0,0.608946432367385,47.67621962035779,-0.0004276444059563161,10.0,"[{""budget"": 500000, ""final_sp"": 47.67621962035779, ""delta_sp_per_100kcal"": -0.0004276444059563161, ""variety_count"": 10}]"
4.817365749655636,0.1359385980818939,0.14118500152427668,0.6253564631325486,309.0,1.6832064004478235,47.67621962035779,-0.0004276444059563161,10.0,"[{""budget"": 500000, ""final_sp"": 47.67621962035779, ""delta_sp_per_100kcal"": -0.0004276444059563161, ""variety_count"": 10}]"
1.57916255073274,0.4109744194491799,0.036805721422300056,0.5762258675742878,398.0,2.1989713934547943,47.35143647835694,-0.0004926010343564869,10.0,"[{""budget"": 500000, ""final_sp"": 47.35143647835694, ""delta_sp_per_100kcal"": -0.0004926010343564869, ""variety_count"": 10}]"
5.947963752815148,0.9250386730013339,0.17805620220355167,0.6435165162259373,243.0,3.035566466951841,47.67621962035779,-0.0004276444059563161,10.0,"[{""budget"": 500000, ""final_sp"": 47.67621962035779, ""delta_sp_per_100kcal"": -0.0004276444059563161, ""variety_count"": 10}]"
5.661218836778069,0.6006217606449953,0.09080926166527506,0.6897215598945469,388.0,3.3107110426195687,47.35143647835694,-0.0004926010343564869,10.0,"[{""budget"": 500000, ""final_sp"": 47.35143647835694, ""delta_sp_per_100kcal"": -0.0004926010343564869, ""variety_count"": 10}]"
2.8764039440207574,0.3716636247654175,0.1616003152026424,0.5188591065714301,394.0,1.1368664751499131,47.56326229165892,-0.0004502358716960899,10.0,"[{""budget"": 500000, ""final_sp"": 47.56326229165892, ""delta_sp_per_100kcal"": -0.0004502358716960899, ""variety_count"": 10}]"
3.2310308112320527,0.5626741945572333,0.1173001999441618,0.8074868416314945,302.0,0.6767305147551639,47.67621962035779,-0.0004276444059563161,10.0,"[{""budget"": 500000, ""final_sp"": 47.67621962035779, ""delta_sp_per_100kcal"": -0.0004276444059563161, ""variety_count"": 10}]"
2.2493640952879588,0.5859276212515593,0.09816594392393015,0.43520655541809883,326.0,0.7088091344916272,47.67621962035779,-0.0004276444059563161,10.0,"[{""budget"": 500000, ""final_sp"": 47.67621962035779, ""delta_sp_per_100kcal"": -0.0004276444059563161, ""variety_count"": 10}]"
0.6283267279073488,0.6573078752908602,0.01456747685600639,0.616436053405144,493.0,2.025921096790745,46.325047699908126,-0.0006978787900462492,10.0,"[{""budget"": 500000, ""final_sp"": 46.325047699908126, ""delta_sp_per_100kcal"": -0.0006978787900462492, ""variety_count"": 10}]"
4.276892070446915,0.7635382185614131,0.09762222309878127,0.5731143838193897,270.0,2.5085446177633526,47.67621962035779,-0.0004276444059563161,10.0,"[{""budget"": 500000, ""final_sp"": 47.67621962035779, ""delta_sp_per_100kcal"": -0.0004276444059563161, ""variety_count"": 10}]"
3.1512980683534,0.3352479809172707,0.18755541384923657,0.6684664723258954,325.0,3.6105521588941967,47.67621962035779,-0.0004276444059563161,10.0,"[{""budget"": 500000, ""final_sp"": 47.67621962035779, ""delta_sp_per_100kcal"": -0.0004276444059563161, ""variety_count"": 10}]"
4.580572380807668,0.9700858612911302,0.06756852816953222,0.532799544623568,271.0,2.9151833865869174,47.67621962035779,-0.0004276444059563161,10.0,"[{""budget"": 500000, ""final_sp"": 47.67621962035779, ""delta_sp_per_100kcal"": -0.0004276444059563161, ""variety_count"": 10}]"
5.043788867566173,0.6908552759570847,0.14223519827991873,0.22934041941250405,480.0,0.5612126036635083,47.29577064440589,-0.0005037342011466961,10.0,"[{""budget"": 500000, ""final_sp"": 47.29577064440589, ""delta_sp_per_100kcal"": -0.0005037342011466961, ""variety_count"": 10}]"
4.843422382282341,0.16724055771129165,0.13717839032323859,0.7699171656990584,254.0,2.2326501870384488,47.67621962035779,-0.0004276444059563161,10.0,"[{""budget"": 500000, ""final_sp"": 47.67621962035779, ""delta_sp_per_100kcal"": -0.0004276444059563161, ""variety_count"": 10}]"
1.494148470847216,0.9528134737463768,0.036529451268852965,0.9846609930493927,350.0,0.020963861662066208,47.67621962035779,-0.0004276444059563161,10.0,"[{""budget"": 500000, ""final_sp"": 47.67621962035779, ""delta_sp_per_100kcal"": -0.0004276444059563161, ""variety_count"": 10}]"
0.9345991586159406,0.3501820712324263,0.1353400074018966,0.6746136702216398,267.0,1.7075077219764712,47.67621962035779,-0.0004276444059563161,10.0,"[{""budget"": 500000, ""final_sp"": 47.67621962035779, ""delta_sp_per_100kcal"": -0.0004276444059563161, ""variety_count"": 10}]"
5.09193692560833,0.4723812296711598,0.06371601976049071,0.6740822776141896,459.0,2.7888556745126856,46.325047699908126,-0.0006978787900462492,10.0,"[{""budget"": 500000, ""final_sp"": 46.325047699908126, ""delta_sp_per_100kcal"": -0.0006978787900462492, ""variety_count"": 10}]"
5.881793409316855,0.4434107204067894,0.002893562781292625,0.134205277579453,492.0,1.4605501985644018,46.325047699908126,-0.0006978787900462492,10.0,"[{""budget"": 500000, ""final_sp"": 46.325047699908126, ""delta_sp_per_100kcal"": -0.0006978787900462492, ""variety_count"": 10}]"
4.669869448467263,0.9706254951683604,0.1096491451486122,0.7060284229333454,369.0,2.9179619481755372,47.66353967433549,-0.0004301803951607766,10.0,"[{""budget"": 500000, ""final_sp"": 47.66353967433549, ""delta_sp_per_100kcal"": -0.0004301803951607766, ""variety_count"": 10}]"
4.933062877741281,0.6951878170754981,0.13311468248600114,0.1293951412006378,238.0,1.795139944622902,47.67621962035779,-0.0004276444059563161,10.0,"[{""budget"": 500000, ""final_sp"": 47.67621962035779, ""delta_sp_per_100kcal"": -0.0004276444059563161, ""variety_count"": 10}]"
4.894163340799695,0.8364653845794201,0.08571345752381819,0.8541343593062577,304.0,2.5961083748679763,47.67621962035779,-0.0004276444059563161,10.0,"[{""budget"": 500000, ""final_sp"": 47.67621962035779, ""delta_sp_per_100kcal"": -0.0004276444059563161, ""variety_count"": 10}]"
0.7502067209408265,0.9544830242929426,0.07129210314809174,0.3796843320632538,221.0,0.82330715045441,47.67621962035779,-0.0004276444059563161,10.0,"[{""budget"": 500000, ""final_sp"": 47.67621962035779, ""delta_sp_per_100kcal"": -0.0004276444059563161, ""variety_count"": 10}]"
0.2814488016710086,0.5584059516231556,0.1953547410921673,0.10904731631242377,346.0,1.6817391633894996,47.67621962035779,-0.0004276444059563161,10.0,"[{""budget"": 500000, ""final_sp"": 47.67621962035779, ""delta_sp_per_100kcal"": -0.0004276444059563161, ""variety_count"": 10}]"
4.225649826208823,0.06411454676515926,0.037687158857957884,0.41418113116917465,299.0,1.6587980907294138,47.67621962035779,-0.0004276444059563161,10.0,"[{""budget"": 500000, ""final_sp"": 47.67621962035779, ""delta_sp_per_100kcal"": -0.0004276444059563161, ""variety_count"": 10}]"
2.929814731342998,0.39591906274292643,0.07181494311938899,0.9444079953283759,231.0,1.0286383357536275,47.67621962035779,-0.0004276444059563161,10.0,"[{""budget"": 500000, ""final_sp"": 47.67621962035779, ""delta_sp_per_100kcal"": -0.0004276444059563161, ""variety_count"": 10}]"
4.154496570872524,0.36818879228019574,0.03800425094724098,0.8789800774966121,327.0,2.581226994235748,47.67621962035779,-0.0004276444059563161,10.0,"[{""budget"": 500000, ""final_sp"": 47.67621962035779, ""delta_sp_per_100kcal"": -0.0004276444059563161, ""variety_count"": 10}]"
5.528743987463288,0.9290925765811734,0.08735416524041612,0.5026395964858558,212.0,0.20619386714452625,47.67621962035779,-0.0004276444059563161,10.0,"[{""budget"": 500000, ""final_sp"": 47.67621962035779, ""delta_sp_per_100kcal"": -0.0004276444059563161, ""variety_count"": 10}]"
5.617087228557084,0.9466918595694057,0.07851576861206261,0.8498865303377473,419.0,1.4711218580357666,47.29577064440589,-0.0005037342011466961,10.0,"[{""budget"": 500000, ""final_sp"": 47.29577064440589, ""delta_sp_per_100kcal"": -0.0005037342011466961, ""variety_count"": 10}]"
0.37864500283216573,0.6056907488810225,0.02421861741984348,0.49995352292546946,350.0,0.13187902644960214,47.67621962035779,-0.0004276444059563161,10.0,"[{""budget"": 500000, ""final_sp"": 47.67621962035779, ""delta_sp_per_100kcal"": -0.0004276444059563161, ""variety_count"": 10}]"
1.2277160795273143,0.28700326618610217,0.14058560473779103,0.236536108611616,381.0,1.442794657540051,47.66353967433549,-0.0004301803951607766,10.0,"[{""budget"": 500000, ""final_sp"": 47.66353967433549, ""delta_sp_per_100kcal"": -0.0004301803951607766, ""variety_count"": 10}]"
3.20635860059119,0.8656676414196163,0.12312678168849377,0.8545382204662707,262.0,0.9628915101361937,47.67621962035779,-0.0004276444059563161,10.0,"[{""budget"": 500000, ""final_sp"": 47.67621962035779, ""delta_sp_per_100kcal"": -0.0004276444059563161, ""variety_count"": 10}]"
2.8551978867402568,0.22163730747113353,0.06243104325325708,0.7989047866046007,259.0,1.9292339917688661,47.67621962035779,-0.0004276444059563161,10.0,"[{""budget"": 500000, ""final_sp"": 47.67621962035779, ""delta_sp_per_100kcal"": -0.0004276444059563161, ""variety_count"": 10}]"
1.984913728059695,0.6264426592508459,0.09264838666840458,0.9190168294512221,331.0,3.654014298124128,47.67621962035779,-0.0004276444059563161,10.0,"[{""budget"": 500000, ""final_sp"": 47.67621962035779, ""delta_sp_per_100kcal"": -0.0004276444059563161, ""variety_count"": 10}]"
0.47594863107667984,0.3936532651360991,0.09319755730521391,0.1886894063340336,461.0,3.37728885776109,46.325047699908126,-0.0006978787900462492,10.0,"[{""budget"": 500000, ""final_sp"": 46.325047699908126, ""delta_sp_per_100kcal"": -0.0006978787900462492, ""variety_count"": 10}]"
2.2966143592996664,0.563800950442949,0.10607846994596276,0.30983356160529424,217.0,2.7846507256103283,47.67621962035779,-0.0004276444059563161,10.0,"[{""budget"": 500000, ""final_sp"": 47.67621962035779, ""delta_sp_per_100kcal"": -0.0004276444059563161, ""variety_count"": 10}]"
4.739663936610523,0.4441457590243193,0.1219028178940871,0.6466579028335002,433.0,0.6998731466676622,47.35143647835694,-0.0004926010343564869,10.0,"[{""budget"": 500000, ""final_sp"": 47.35143647835694, ""delta_sp_per_100kcal"": -0.0004926010343564869, ""variety_count"": 10}]"
3.1216325568010324,0.9080414078945122,0.08344865412712338,0.7628463609509616,225.0,1.5423146947536743,47.67621962035779,-0.0004276444059563161,10.0,"[{""budget"": 500000, ""final_sp"": 47.67621962035779, ""delta_sp_per_100kcal"": -0.0004276444059563161, ""variety_count"": 10}]"
0.3790635184161444,0.4657897851930428,0.1265346749682771,0.22138482399014017,250.0,2.7984194036694374,47.67621962035779,-0.0004276444059563161,10.0,"[{""budget"": 500000, ""final_sp"": 47.67621962035779, ""delta_sp_per_100kcal"": -0.0004276444059563161, ""variety_count"": 10}]"
0.7701341870308387,0.9646556598467018,0.15967622295664213,0.4743576969134379,248.0,1.0729070191636945,47.67621962035779,-0.0004276444059563161,10.0,"[{""budget"": 500000, ""final_sp"": 47.67621962035779, ""delta_sp_per_100kcal"": -0.0004276444059563161, ""variety_count"": 10}]"
1.3920411145652662,0.8164855628921474,0.05934069185148108,0.6292731809219407,215.0,3.4691336247055853,47.67621962035779,-0.0004276444059563161,10.0,"[{""budget"": 500000, ""final_sp"": 47.67621962035779, ""delta_sp_per_100kcal"": -0.0004276444059563161, ""variety_count"": 10}]"
5.5767580086863875,0.7678908645496492,0.12222254044912334,0.12317391159248514,248.0,1.332153756101429,47.67621962035779,-0.0004276444059563161,10.0,"[{""budget"": 500000, ""final_sp"": 47.67621962035779, ""delta_sp_per_100kcal"": -0.0004276444059563161, ""variety_count"": 10}]"
3.994859924981145,0.16127299760122882,0.007902641744263162,0.3190384018209457,304.0,0.3342798106298819,47.67621962035779,-0.0004276444059563161,10.0,"[{""budget"": 500000, ""final_sp"": 47.67621962035779, ""delta_sp_per_100kcal"": -0.0004276444059563161, ""variety_count"": 10}]"
5.476728981517176,0.4351277364197499,0.018900743098692364,0.6006355231386794,215.0,2.6282852064683055,47.67621962035779,-0.0004276444059563161,10.0,"[{""budget"": 500000, ""final_sp"": 47.67621962035779, ""delta_sp_per_100kcal"": -0.0004276444059563161, ""variety_count"": 10}]"
3.9267869041274808,0.4144500038842648,0.031154577787984097,0.704711896748647,251.0,3.0593343415214367,47.67621962035779,-0.0004276444059563161,10.0,"[{""budget"": 500000, ""final_sp"": 47.67621962035779, ""delta_sp_per_100kcal"": -0.0004276444059563161, ""variety_count"": 10}]"
3.4914039091226092,0.7379006475196298,0.1914165884592327,0.6539355824793912,293.0,1.7274911917902669,47.67621962035779,-0.0004276444059563161,10.0,"[{""budget"": 500000, ""final_sp"": 47.67621962035779, ""delta_sp_per_100kcal"": -0.0004276444059563161, ""variety_count"": 10}]"
3.6060875129576564,0.914426077675064,0.02874193816250699,0.30594437546601083,423.0,3.162441415817668,46.325047699908126,-0.0006978787900462492,10.0,"[{""budget"": 500000, ""final_sp"": 46.325047699908126, ""delta_sp_per_100kcal"": -0.0006978787900462492, ""variety_count"": 10}]"
3.0346188759620514,0.9893538406452748,0.11750896826738273,0.9493328490291887,259.0,2.117735390921456,47.67621962035779,-0.0004276444059563161,10.0,"[{""budget"": 500000, ""final_sp"": 47.67621962035779, ""delta_sp_per_100kcal"": -0.0004276444059563161, ""variety_count"": 10}]"
1.3943586721396957,0.8961589764420458,0.023740412435599503,0.37238464627664236,253.0,0.06524370607279684,47.67621962035779,-0.0004276444059563161,10.0,"[{""budget"": 500000, ""final_sp"": 47.67621962035779, ""delta_sp_per_100kcal"": -0.0004276444059563161, ""variety_count"": 10}]"
4.314070333517685,0.6270458022198548,0.13369262427860829,0.3081720657442658,391.0,0.9269612667832576,47.66353967433549,-0.0004301803951607766,10.0,"[{""budget"": 500000, ""final_sp"": 47.66353967433549, ""delta_sp_per_100kcal"": -0.0004301803951607766, ""variety_count"": 10}]"
3.7224623604924387,0.9196027570818055,0.1990265739967405,0.17019617119073072,280.0,2.246650317224163,47.67621962035779,-0.0004276444059563161,10.0,"[{""budget"": 500000, ""final_sp"": 47.67621962035779, ""delta_sp_per_100kcal"": -0.0004276444059563161, ""variety_count"": 10}]"
1.5960816548497851,0.9653643529971738,0.12346646220134194,0.98365626909675,203.0,2.84704929280137,47.67621962035779,-0.0004276444059563161,10.0,"[{""budget"": 500000, ""final_sp"": 47.67621962035779, ""delta_sp_per_100kcal"": -0.0004276444059563161, ""variety_count"": 10}]"
0.5431597267116173,0.5129365720040626,0.1954241074446973,0.1639034835022826,339.0,2.019025953770847,47.67621962035779,-0.0004276444059563161,10.0,"[{""budget"": 500000, ""final_sp"": 47.67621962035779, ""delta_sp_per_100kcal"": -0.0004276444059563161, ""variety_count"": 10}]"
2.6163814609291514,0.3101254634249635,0.15213290669156423,0.6733983853605382,242.0,1.3365665116086562,47.67621962035779,-0.0004276444059563161,10.0,"[{""budget"": 500000, ""final_sp"": 47.67621962035779, ""delta_sp_per_100kcal"": -0.0004276444059563161, ""variety_count"": 10}]"
2.6463167136464563,0.7484601790609321,0.093553830460754,0.3721630387359879,409.0,1.9193202850485793,47.29577064440589,-0.0005037342011466961,10.0,"[{""budget"": 500000, ""final_sp"": 47.29577064440589, ""delta_sp_per_100kcal"": -0.0005037342011466961, ""variety_count"": 10}]"
2.1047122645115905,0.8511407384605837,0.04615696515817254,0.42257178324461586,478.0,1.0179825802862004,47.09420396960006,-0.0005440475361078625,10.0,"[{""budget"": 500000, ""final_sp"": 47.09420396960006, ""delta_sp_per_100kcal"": -0.0005440475361078625, ""variety_count"": 10}]"
3.444985606985579,0.09226764070612903,0.0018384302316942103,0.7423080519741672,312.0,1.8008392884562627,47.67621962035779,-0.0004276444059563161,10.0,"[{""budget"": 500000, ""final_sp"": 47.67621962035779, ""delta_sp_per_100kcal"": -0.0004276444059563161, ""variety_count"": 10}]"
2.324395320590488,0.17838532656634265,0.03588766701316957,0.707684669636972,262.0,1.8124664353076354,47.67621962035779,-0.0004276444059563161,10.0,"[{""budget"": 500000, ""final_sp"": 47.67621962035779, ""delta_sp_per_100kcal"": -0.0004276444059563161, ""variety_count"": 10}]"
0.8618455148936963,0.778036122584771,0.10968067682363225,0.763132095525218,328.0,1.5103930282886635,47.67621962035779,-0.0004276444059563161,10.0,"[{""budget"": 500000, ""final_sp"": 47.67621962035779, ""delta_sp_per_100kcal"": -0.0004276444059563161, ""variety_count"": 10}]"
1.5502474752076902,0.5730383050906335,0.16718137991432558,0.9750373429886806,319.0,2.809829307580594,47.67621962035779,-0.0004276444059563161,10.0,"[{""budget"": 500000, ""final_sp"": 47.67621962035779, ""delta_sp_per_100kcal"": -0.0004276444059563161, ""variety_count"": 10}]"
4.1236538731592995,0.005659697255840035,0.18421753977381913,0.9853811526842402,268.0,2.3912245699635157,47.67621962035779,-0.0004276444059563161,10.0,"[{""budget"": 500000, ""final_sp"": 47.67621962035779, ""delta_sp_per_100kcal"": -0.0004276444059563161, ""variety_count"": 10}]"
0.9285956902588177,0.5990685995212813,0.08896146685775158,0.7419322159170605,296.0,2.8450751603764615,47.67621962035779,-0.0004276444059563161,10.0,"[{""budget"": 500000, ""final_sp"": 47.67621962035779, ""delta_sp_per_100kcal"": -0.0004276444059563161, ""variety_count"": 10}]"
3.9155459612422985,0.3367734659771263,0.1964864666283641,0.1487410032279085,207.0,0.5331047416752175,47.67621962035779,-0.0004276444059563161,10.0,"[{""budget"": 500000, ""final_sp"": 47.67621962035779, ""delta_sp_per_100kcal"": -0.0004276444059563161, ""variety_count"": 10}]"
1.625189878747205,0.49153068052457427,0.13394480909379458,0.6879962669428484,248.0,2.1227600015788273,47.67621962035779,-0.0004276444059563161,10.0,"[{""budget"": 500000, ""final_sp"": 47.67621962035779, ""delta_sp_per_100kcal"": -0.0004276444059563161, ""variety_count"": 10}]"
1.0384691943675206,0.27650892573020136,0.08026215217569771,0.5269712779719725,315.0,1.6775230544700026,47.67621962035779,-0.0004276444059563161,10.0,"[{""budget"": 500000, ""final_sp"": 47.67621962035779, ""delta_sp_per_100kcal"": -0.0004276444059563161, ""variety_count"": 10}]"
5.842028965710465,0.6940028865678731,0.06501039831894294,0.22161036482121466,270.0,3.075949830954058,47.67621962035779,-0.0004276444059563161,10.0,"[{""budget"": 500000, ""final_sp"": 47.67621962035779, ""delta_sp_per_100kcal"": -0.0004276444059563161, ""variety_count"": 10}]"
5.997890024595406,0.30217578182576865,0.01845607296905405,0.4297932837243722,489.0,1.1110722106896667,46.325047699908126,-0.0006978787900462492,10.0,"[{""budget"": 500000, ""final_sp"": 46.325047699908126, ""delta_sp_per_100kcal"": -0.0006978787900462492, ""variety_count"": 10}]"
4.594029104289869,0.5434605534614875,0.09626809003821651,0.13625163771092424,272.0,1.8572151591917048,47.67621962035779,-0.0004276444059563161,10.0,"[{""budget"": 500000, ""final_sp"": 47.67621962035779, ""delta_sp_per_100kcal"": -0.0004276444059563161, ""variety_count"": 10}]"
2.5681322617412428,0.10293612269755581,0.09886488920558162,0.9185607505773141,386.0,2.487308976430289,47.45095445664522,-0.00047269743869883025,10.0,"[{""budget"": 500000, ""final_sp"": 47.45095445664522, ""delta_sp_per_100kcal"": -0.00047269743869883025, ""variety_count"": 10}]"
4.711358668213938,0.9767992186932155,0.026252671998471745,0.27372078522967525,206.0,3.837750556049662,47.67621962035779,-0.0004276444059563161,10.0,"[{""budget"": 500000, ""final_sp"": 47.67621962035779, ""delta_sp_per_100kcal"": -0.0004276444059563161, ""variety_count"": 10}]"
0.4344161381050551,0.5378615893731555,0.09605621626604821,0.6639176044381543,287.0,3.729918694249268,47.67621962035779,-0.0004276444059563161,10.0,"[{""budget"": 500000, ""final_sp"": 47.67621962035779, ""delta_sp_per_100kcal"": -0.0004276444059563161, ""variety_count"": 10}]"
1.9457406610537142,0.39228223119529426,0.12555682755837283,0.278927524870201,387.0,3.3061671910425776,47.35143647835694,-0.0004926010343564869,10.0,"[{""budget"": 500000, ""final_sp"": 47.35143647835694, ""delta_sp_per_100kcal"": -0.0004926010343564869, ""variety_count"": 10}]"
0.20946781323932684,0.6776357853169044,0.17634136258655492,0.6636857567572912,290.0,3.4432983538643924,47.67621962035779,-0.0004276444059563161,10.0,"[{""budget"": 500000, ""final_sp"": 47.67621962035779, ""delta_sp_per_100kcal"": -0.0004276444059563161, ""variety_count"": 10}]"
1.7216186882688753,0.5388670103193324,0.07821782875172466,0.2137480268071396,246.0,3.7991784325873037,47.67621962035779,-0.0004276444059563161,10.0,"[{""budget"": 500000, ""final_sp"": 47.67621962035779, ""delta_sp_per_100kcal"": -0.0004276444059563161, ""variety_count"": 10}]"
3.803223530916413,0.957047904765374,0.02127125653168869,0.49422145090187797,217.0,3.0054790681803643,47.67621962035779,-0.0004276444059563161,10.0,"[{""budget"": 500000, ""final_sp"": 47.67621962035779, ""delta_sp_per_100kcal"": -0.0004276444059563161, ""variety_count"": 10}]"
2.2196561968671853,0.7578666869397725,0.11291616565274376,0.6833146502137052,317.0,2.9028176597820683,47.67621962035779,-0.0004276444059563161,10.0,"[{""budget"": 500000, ""final_sp"": 47.67621962035779, ""delta_sp_per_100kcal"": -0.0004276444059563161, ""variety_count"": 10}]"
4.49609190251163,0.6557289667896237,0.03425637727280508,0.2763207215158799,431.0,3.4376714771419854,46.325047699908126,-0.0006978787900462492,10.0,"[{""budget"": 500000, ""final_sp"": 46.325047699908126, ""delta_sp_per_100kcal"": -0.0006978787900462492, ""variety_count"": 10}]"
1.818842976177902,0.41194393669037466,0.08856133161231182,0.6631243130507178,261.0,1.3222956443337295,47.67621962035779,-0.0004276444059563161,10.0,"[{""budget"": 500000, ""final_sp"": 47.67621962035779, ""delta_sp_per_100kcal"": -0.0004276444059563161, ""variety_count"": 10}]"
5.535271993936675,0.5835143603487996,0.15318396043210786,0.32900245874944556,388.0,1.4764276298683825,47.56326229165892,-0.0004502358716960899,10.0,"[{""budget"": 500000, ""final_sp"": 47.56326229165892, ""delta_sp_per_100kcal"": -0.0004502358716960899, ""variety_count"": 10}]"
3.5063585654107783,0.15820547533975182,0.09941362220679169,0.15843342305134198,240.0,2.559027625170114,47.67621962035779,-0.0004276444059563161,10.0,"[{""budget"": 500000, ""final_sp"": 47.67621962035779, ""delta_sp_per_100kcal"": -0.0004276444059563161, ""variety_count"": 10}]"
4.442254992551288,0.6665985313103814,0.07867542606636482,0.5437161384497519,263.0,1.3141567714556284,47.67621962035779,-0.0004276444059563161,10.0,"[{""budget"": 500000, ""final_sp"": 47.67621962035779, ""delta_sp_per_100kcal"": -0.0004276444059563161, ""variety_count"": 10}]"
1.2570936821660295,0.22828007616964263,0.17450629266247802,0.2142716142228795,274.0,0.5471983825749751,47.67621962035779,-0.0004276444059563161,10.0,"[{""budget"": 500000, ""final_sp"": 47.67621962035779, ""delta_sp_per_100kcal"": -0.0004276444059563161, ""variety_count"": 10}]"
3.4936055621696696,0.3824846325704927,0.1497338297819759,0.9291439302633033,219.0,3.882174629964543,47.67621962035779,-0.0004276444059563161,10.0,"[{""budget"": 500000, ""final_sp"": 47.67621962035779, ""delta_sp_per_100kcal"": -0.0004276444059563161, ""variety_count"": 10}]"
3.5553479328089,0.7059543177935813,0.17971761111469312,0.9603296184411385,400.0,0.9874840394773043,47.507026663737406,-0.0004614829972803932,10.0,"[{""budget"": 500000, ""final_sp"": 47.507026663737406, ""delta_sp_per_100kcal"": -0.0004614829972803932, ""variety_count"": 10}]"
5.177129454840199,0.34131181491522444,0.04075454871662874,0.4524804417608578,369.0,3.636833997503193,47.66353967433549,-0.0004301803951607766,10.0,"[{""budget"": 500000, ""final_sp"": 47.66353967433549, ""delta_sp_per_100kcal"": -0.0004301803951607766, ""variety_count"": 10}]"
3.225392370303158,0.3109741557281316,0.1549059456292867,0.980929399709255,408.0,3.3587140910653086,47.23810506755015,-0.0005152673165178442,10.0,"[{""budget"": 500000, ""final_sp"": 47.23810506755015, ""delta_sp_per_100kcal"": -0.0005152673165178442, ""variety_count"": 10}]"
2.5404430109894456,0.3272907452691861,0.07155444552776839,0.7518149757800473,375.0,0.14963153556300357,47.67621962035779,-0.0004276444059563161,10.0,"[{""budget"": 500000, ""final_sp"": 47.67621962035779, ""delta_sp_per_100kcal"": -0.0004276444059563161, ""variety_count"": 10}]"
4.553353314284834,0.6391870702926902,0.15546584644629366,0.9847832702366068,415.0,0.07376833253208037,47.67621962035779,-0.0004276444059563161,10.0,"[{""budget"": 500000, ""final_sp"": 47.67621962035779, ""delta_sp_per_100kcal"": -0.0004276444059563161, ""variety_count"": 10}]"
0.11057749204126699,0.9343715212864817,0.011404230298728037,0.1564162444125429,415.0,0.38164058722097227,47.67621962035779,-0.0004276444059563161,10.0,"[{""budget"": 500000, ""final_sp"": 47.67621962035779, ""delta_sp_per_100kcal"": -0.0004276444059563161, ""variety_count"": 10}]"
2.0148682436681504,0.19038897663702725,0.051102032128038544,0.27075637114374274,274.0,0.09205865968014315,47.67621962035779,-0.0004276444059563161,10.0,"[{""budget"": 500000, ""final_sp"": 47.67621962035779, ""delta_sp_per_100kcal"": -0.0004276444059563161, ""variety_count"": 10}]"
0.4200715500207892,0.21736585704247902,0.06591626637080027,0.2241083504491479,249.0,3.81440071755032,47.67621962035779,-0.0004276444059563161,10.0,"[{""budget"": 500000, ""final_sp"": 47.67621962035779, ""delta_sp_per_100kcal"": -0.0004276444059563161, ""variety_count"": 10}]"
4.451307154243104,0.580889195101771,0.13405697438424918,0.3140790447851144,327.0,1.8455117363798128,47.67621962035779,-0.0004276444059563161,10.0,"[{""budget"": 500000, ""final_sp"": 47.67621962035779, ""delta_sp_per_100kcal"": -0.0004276444059563161, ""variety_count"": 10}]"
3.9606685970325,0.35102026050800295,0.1740174154356918,0.8881088216978544,243.0,1.804437416327266,47.67621962035779,-0.0004276444059563161,10.0,"[{""budget"": 500000, ""final_sp"": 47.67621962035779, ""delta_sp_per_100kcal"": -0.0004276444059563161, ""variety_count"": 10}]"
3.2003491326114166,0.8209737729710976,0.027979690207662933,0.30066751108114675,249.0,3.483136086775499,47.67621962035779,-0.0004276444059563161,10.0,"[{""budget"": 500000, ""final_sp"": 47.67621962035779, ""delta_sp_per_100kcal"": -0.0004276444059563161, ""variety_count"": 10}]"
1.5945775851745438,0.6240459107341608,0.018994775775318475,0.31148836540977765,404.0,1.4906357204147365,47.35143647835694,-0.0004926010343564869,10.0,"[{""budget"": 500000, ""final_sp"": 47.35143647835694, ""delta_sp_per_100kcal"": -0.0004926010343564869, ""variety_count"": 10}]"
2.1769055562001154,0.8785682999752946,0.047812179497024015,0.9252658872352727,204.0,0.253847917983685,47.67621962035779,-0.0004276444059563161,10.0,"[{""budget"": 500000, ""final_sp"": 47.67621962035779, ""delta_sp_per_100kcal"": -0.0004276444059563161, ""variety_count"": 10}]"
4.4304723013257,0.27963405161248633,0.1544201756573787,0.7225461942560769,395.0,2.065742385280785,47.35143647835694,-0.0004926010343564869,10.0,"[{""budget"": 500000, ""final_sp"": 47.35143647835694, ""delta_sp_per_100kcal"": -0.0004926010343564869, ""variety_count"": 10}]"
1.4713960007311797,0.8510237584590693,0.18285560528344202,0.8741838422148238,263.0,1.7474604691713411,47.67621962035779,-0.0004276444059563161,10.0,"[{""budget"": 500000, ""final_sp"": 47.67621962035779, ""delta_sp_per_100kcal"": -0.0004276444059563161, ""variety_count"": 10}]"
0.2322995993722654,0.7823672128336685,0.011029131466860976,0.19716097705622526,470.0,1.5630004166646265,46.325047699908126,-0.0006978787900462492,10.0,"[{""budget"": 500000, ""final_sp"": 46.325047699908126, ""delta_sp_per_100kcal"": -0.0006978787900462492, ""variety_count"": 10}]"
3.140148408967309,0.6993935445649058,0.14346987863635668,0.10944059734012906,365.0,2.653722173084711,47.66353967433549,-0.0004301803951607766,10.0,"[{""budget"": 500000, ""final_sp"": 47.66353967433549, ""delta_sp_per_100kcal"": -0.0004301803951607766, ""variety_count"": 10}]"
5.77190192104761,0.7276854582468093,0.03053172100971733,0.958211101060138,457.0,2.268208299990014,46.325047699908126,-0.0006978787900462492,10.0,"[{""budget"": 500000, ""final_sp"": 46.325047699908126, ""delta_sp_per_100kcal"": -0.0006978787900462492, ""variety_count"": 10}]"
3.738272929365955,0.5791134733038705,0.13921993866951696,0.8695216509235778,219.0,3.753988172526247,47.67621962035779,-0.0004276444059563161,10.0,"[{""budget"": 500000, ""final_sp"": 47.67621962035779, ""delta_sp_per_100kcal"": -0.0004276444059563161, ""variety_count"": 10}]"
2.681304038385923,0.8653162277486719,0.05489661373332815,0.5512444315068958,279.0,2.662904492883939,47.67621962035779,-0.0004276444059563161,10.0,"[{""budget"": 500000, ""final_sp"": 47.67621962035779, ""delta_sp_per_100kcal"": -0.0004276444059563161, ""variety_count"": 10}]"
4.805088922373223,0.46313408269442013,0.024564413914568962,0.5181299366212888,241.0,3.9612823721544164,47.67621962035779,-0.0004276444059563161,10.0,"[{""budget"": 500000, ""final_sp"": 47.67621962035779, ""delta_sp_per_100kcal"": -0.0004276444059563161, ""variety_count"": 10}]"
3.728607054643481,0.5371018642404107,0.11896624508041494,0.378423686175809,422.0,3.6087376572260035,46.325047699908126,-0.0006978787900462492,10.0,"[{""budget"": 500000, ""final_sp"": 46.325047699908126, ""delta_sp_per_100kcal"": -0.0006978787900462492, ""variety_count"": 10}]"
5.303919799537402,0.63270772727426,0.17395396223151666,0.6177053253862602,287.0,0.7938003473832382,47.67621962035779,-0.0004276444059563161,10.0,"[{""budget"": 500000, ""final_sp"": 47.67621962035779, ""delta_sp_per_100kcal"": -0.0004276444059563161, ""variety_count"": 10}]"
1.3453639350897602,0.6479922343399215,0.06292020689241606,0.18420506510194443,463.0,0.9923016561717461,47.23810506755015,-0.0005152673165178442,10.0,"[{""budget"": 500000, ""final_sp"": 47.23810506755015, ""delta_sp_per_100kcal"": -0.0005152673165178442, ""variety_count"": 10}]"
2.3707422867999397,0.6993612229024828,0.06189525473466977,0.5827765053680432,474.0,2.8202950939102713,46.325047699908126,-0.0006978787900462492,10.0,"[{""budget"": 500000, ""final_sp"": 46.325047699908126, ""delta_sp_per_100kcal"": -0.0006978787900462492, ""variety_count"": 10}]"
1.686575204232177,0.8777630146613628,0.11829075448066183,0.7598718517833535,418.0,0.4301333558337821,47.66353967433549,-0.0004301803951607766,10.0,"[{""budget"": 500000, ""final_sp"": 47.66353967433549, ""delta_sp_per_100kcal"": -0.0004301803951607766, ""variety_count"": 10}]"
4.0979168472020095,0.13879833728417845,0.17721070860126092,0.22488682992913403,401.0,1.8442988909097395,47.35143647835694,-0.0004926010343564869,10.0,"[{""budget"": 500000, ""final_sp"": 47.35143647835694, ""delta_sp_per_100kcal"": -0.0004926010343564869, ""variety_count"": 10}]"
5.7423715049653685,0.8609790792804034,0.05483303836000462,0.8216428520015974,226.0,2.449144898736251,47.67621962035779,-0.0004276444059563161,10.0,"[{""budget"": 500000, ""final_sp"": 47.67621962035779, ""delta_sp_per_100kcal"": -0.0004276444059563161, ""variety_count"": 10}]"
5.031576570157755,0.9326847663637207,0.06757357140913216,0.38428763475131733,406.0,1.1826293193994015,47.45095445664522,-0.00047269743869883025,10.0,"[{""budget"": 500000, ""final_sp"": 47.45095445664522, ""delta_sp_per_100kcal"": -0.00047269743869883025, ""variety_count"": 10}]"
1.481846894999794,0.9781318595564479,0.11338070891762267,0.14859349279330458,357.0,1.4838114805614833,47.67621962035779,-0.0004276444059563161,10.0,"[{""budget"": 500000, ""final_sp"": 47.67621962035779, ""delta_sp_per_100kcal"": -0.0004276444059563161, ""variety_count"": 10}]"
4.6337186613051635,0.6309670734024934,0.05238618383295823,0.8599445149380777,288.0,2.6804858905507625,47.67621962035779,-0.0004276444059563161,10.0,"[{""budget"": 500000, ""final_sp"": 47.67621962035779, ""delta_sp_per_100kcal"": -0.0004276444059563161, ""variety_count"": 10}]"
1.2919155414553882,0.0712833345676348,0.04357686172765845,0.7111986775071287,354.0,2.7380090445456666,47.67621962035779,-0.0004276444059563161,10.0,"[{""budget"": 500000, ""final_sp"": 47.67621962035779, ""delta_sp_per_100kcal"": -0.0004276444059563161, ""variety_count"": 10}]"
0.788590296219462,0.18449483277856515,0.01618453920440719,0.420842575579097,271.0,3.804131201795081,47.67621962035779,-0.0004276444059563161,10.0,"[{""budget"": 500000, ""final_sp"": 47.67621962035779, ""delta_sp_per_100kcal"": -0.0004276444059563161, ""variety_count"": 10}]"
4.8859935901560805,0.7522533249766535,0.0015575100331840287,0.5533826653324848,202.0,2.8647424942829143,47.67621962035779,-0.0004276444059563161,10.0,"[{""budget"": 500000, ""final_sp"": 47.67621962035779, ""delta_sp_per_100kcal"": -0.0004276444059563161, ""variety_count"": 10}]"
2.6283473269269626,0.17103857408336787,0.05923670576842613,0.36947196269598137,486.0,0.22357015985246464,47.507026663737406,-0.0004614829972803932,10.0,"[{""budget"": 500000, ""final_sp"": 47.507026663737406, ""delta_sp_per_100kcal"": -0.0004614829972803932, ""variety_count"": 10}]"
5.367544110242,0.9784522501451869,0.17675685501414148,0.3030638888486168,457.0,1.4571138111717579,46.393457217142526,-0.0006841968865993692,10.0,"[{""budget"": 500000, ""final_sp"": 46.393457217142526, ""delta_sp_per_100kcal"": -0.0006841968865993692, ""variety_count"": 10}]"
5.052750750006468,0.14241385366969694,0.19719838414087765,0.9037845213626192,424.0,3.3213336731447183,46.325047699908126,-0.0006978787900462492,10.0,"[{""budget"": 500000, ""final_sp"": 46.325047699908126, ""delta_sp_per_100kcal"": -0.0006978787900462492, ""variety_count"": 10}]"
3.446205320846124,0.193404836692733,0.09194415186334014,0.2515072652691118,444.0,0.5910626388468909,47.35143647835694,-0.0004926010343564869,10.0,"[{""budget"": 500000, ""final_sp"": 47.35143647835694, ""delta_sp_per_100kcal"": -0.0004926010343564869, ""variety_count"": 10}]"
0.871581681582621,0.9626250847058175,0.1107163009851418,0.5930782141191373,360.0,2.0727981926928347,47.67621962035779,-0.0004276444059563161,10.0,"[{""budget"": 500000, ""final_sp"": 47.67621962035779, ""delta_sp_per_100kcal"": -0.0004276444059563161, ""variety_count"": 10}]"
0.3552623784198903,0.08999509544824291,0.09297614685639873,0.5312228918212399,446.0,3.8738348713974977,46.325047699908126,-0.0006978787900462492,10.0,"[{""budget"": 500000, ""final_sp"": 46.325047699908126, ""delta_sp_per_100kcal"": -0.0006978787900462492, ""variety_count"": 10}]"
5.026960396468285,0.5118022066256928,0.03637259854948034,0.4795035130193015,346.0,0.09908771053085585,47.67621962035779,-0.0004276444059563161,10.0,"[{""budget"": 500000, ""final_sp"": 47.67621962035779, ""delta_sp_per_100kcal"": -0.0004276444059563161, ""variety_count"": 10}]"
4.158948182075939,0.988915909866552,0.05155199648815798,0.90268577316005,315.0,2.5255798501706037,47.67621962035779,-0.0004276444059563161,10.0,"[{""budget"": 500000, ""final_sp"": 47.67621962035779, ""delta_sp_per_100kcal"": -0.0004276444059563161, ""variety_count"": 10}]"
4.460672222255594,0.5763432086925384,0.10716997561119575,0.25599650651255457,471.0,3.1441611700651504,46.325047699908126,-0.0006978787900462492,10.0,"[{""budget"": 500000, ""final_sp"": 46.325047699908126, ""delta_sp_per_100kcal"": -0.0006978787900462492, ""variety_count"": 10}]"
2.9972287424907993,0.4024295572051837,0.027846402397140247,0.648928240294287,435.0,3.5814081888542457,46.325047699908126,-0.0006978787900462492,10.0,"[{""budget"": 500000, ""final_sp"": 46.325047699908126, ""delta_sp_per_100kcal"": -0.0006978787900462492, ""variety_count"": 10}]"
2.759410890314764,0.2827865096709852,0.02837336630003593,0.2008950255251536,268.0,2.339045479052859,47.67621962035779,-0.0004276444059563161,10.0,"[{""budget"": 500000, ""final_sp"": 47.67621962035779, ""delta_sp_per_100kcal"": -0.0004276444059563161, ""variety_count"": 10}]"
4.211274921535619,0.8801196670209043,0.17796278179392336,0.433990548582576,417.0,0.8127777367009621,47.45095445664522,-0.00047269743869883025,10.0,"[{""budget"": 500000, ""final_sp"": 47.45095445664522, ""delta_sp_per_100kcal"": -0.00047269743869883025, ""variety_count"": 10}]"
2.9996478239997777,0.9634987835616392,0.08172449027826643,0.7882677403529587,427.0,3.2847202690088464,46.325047699908126,-0.0006978787900462492,10.0,"[{""budget"": 500000, ""final_sp"": 46.325047699908126, ""delta_sp_per_100kcal"": -0.0006978787900462492, ""variety_count"": 10}]"
3.5852652408758576,0.7532210867442507,0.19102364849730155,0.5086377635569908,262.0,1.5260666048652745,47.67621962035779,-0.0004276444059563161,10.0,"[{""budget"": 500000, ""final_sp"": 47.67621962035779, ""delta_sp_per_100kcal"": -0.0004276444059563161, ""variety_count"": 10}]"
3.407122338637455,0.6029286189122275,0.06916618660653777,0.6883983922838922,259.0,0.8777714230209841,47.67621962035779,-0.0004276444059563161,10.0,"[{""budget"": 500000, ""final_sp"": 47.67621962035779, ""delta_sp_per_100kcal"": -0.0004276444059563161, ""variety_count"": 10}]"
4.6734857184882,0.6415179286492626,0.16182019230068528,0.577827079835075,423.0,0.6937210338674804,47.45095445664522,-0.00047269743869883025,10.0,"[{""budget"": 500000, ""final_sp"": 47.45095445664522, ""delta_sp_per_100kcal"": -0.00047269743869883025, ""variety_count"": 10}]"
2.4743372031819884,0.7544098769046886,0.1494358206927737,0.26840745900641305,231.0,1.2480167019160886,47.67621962035779,-0.0004276444059563161,10.0,"[{""budget"": 500000, ""final_sp"": 47.67621962035779, ""delta_sp_per_100kcal"": -0.0004276444059563161, ""variety_count"": 10}]"
1.5635162041370085,0.6657625293871119,0.002844459304613234,0.700144658630932,322.0,3.2791517343675984,47.67621962035779,-0.0004276444059563161,10.0,"[{""budget"": 500000, ""final_sp"": 47.67621962035779, ""delta_sp_per_100kcal"": -0.0004276444059563161, ""variety_count"": 10}]"
3.8994996506573623,0.8535887699404537,0.11368629382615265,0.9606571333170237,496.0,3.832558467817941,46.325047699908126,-0.0006978787900462492,10.0,"[{""budget"": 500000, ""final_sp"": 46.325047699908126, ""delta_sp_per_100kcal"": -0.0006978787900462492, ""variety_count"": 10}]"
2.3273415484665856,0.964399939331818,0.15525899258412132,0.9482240928954172,475.0,2.6878019001300557,46.325047699908126,-0.0006978787900462492,10.0,"[{""budget"": 500000, ""final_sp"": 46.325047699908126, ""delta_sp_per_100kcal"": -0.0006978787900462492, ""variety_count"": 10}]"
2.178189942550768,0.9012138004146728,0.010755411837633578,0.8667108338402048,202.0,1.6264379021902546,47.67621962035779,-0.0004276444059563161,10.0,"[{""budget"": 500000, ""final_sp"": 47.67621962035779, ""delta_sp_per_100kcal"": -0.0004276444059563161, ""variety_count"": 10}]"
1.0421622368800587,0.6519262189197841,0.18656500145926833,0.29956176414368246,399.0,2.3566251620961536,47.35143647835694,-0.0004926010343564869,10.0,"[{""budget"": 500000, ""final_sp"": 47.35143647835694, ""delta_sp_per_100kcal"": -0.0004926010343564869, ""variety_count"": 10}]"
1.5951833533220254,0.1622242354476895,0.10720196540457778,0.5687419923335383,499.0,2.1964673709702787,46.325047699908126,-0.0006978787900462492,10.0,"[{""budget"": 500000, ""final_sp"": 46.325047699908126, ""delta_sp_per_100kcal"": -0.0006978787900462492, ""variety_count"": 10}]"
1.8074400404378155,0.28415368042300615,0.005951313158260163,0.15767465894209953,218.0,2.9165526355879052,47.67621962035779,-0.0004276444059563161,10.0,"[{""budget"": 500000, ""final_sp"": 47.67621962035779, ""delta_sp_per_100kcal"": -0.0004276444059563161, ""variety_count"": 10}]"
5.659110960054056,0.9069431206006984,0.1082125622293244,0.1390584318290673,490.0,3.9819846435946875,46.325047699908126,-0.0006978787900462492,10.0,"[{""budget"": 500000, ""final_sp"": 46.325047699908126, ""delta_sp_per_100kcal"": -0.0006978787900462492, ""variety_count"": 10}]"
3.048498169527977,0.6112502326045535,0.10368548936351718,0.21462350678119424,280.0,1.3434840901657066,47.67621962035779,-0.0004276444059563161,10.0,"[{""budget"": 500000, ""final_sp"": 47.67621962035779, ""delta_sp_per_100kcal"": -0.0004276444059563161, ""variety_count"": 10}]"
2.492542025703777,0.6242235912411105,0.11166083543064759,0.9049519659090276,264.0,2.3109869199578443,47.67621962035779,-0.0004276444059563161,10.0,"[{""budget"": 500000, ""final_sp"": 47.67621962035779, ""delta_sp_per_100kcal"": -0.0004276444059563161, ""variety_count"": 10}]"
5.855440798858596,0.24589987858633922,0.03379511523542396,0.34330956618422476,385.0,0.20945775459431593,47.67621962035779,-0.0004276444059563161,10.0,"[{""budget"": 500000, ""final_sp"": 47.67621962035779, ""delta_sp_per_100kcal"": -0.0004276444059563161, ""variety_count"": 10}]"
2.028709007114373,0.5195467003889831,0.006303756233087654,0.5327966877891165,468.0,1.462516328512709,46.325047699908126,-0.0006978787900462492,10.0,"[{""budget"": 500000, ""final_sp"": 46.325047699908126, ""delta_sp_per_100kcal"": -0.0006978787900462492, ""variety_count"": 10}]"
2.1356445269761943,0.32330012220838744,0.10999089775022226,0.4276968738629876,380.0,2.9337895526540336,47.507026663737406,-0.0004614829972803932,10.0,"[{""budget"": 500000, ""final_sp"": 47.507026663737406, ""delta_sp_per_100kcal"": -0.0004614829972803932, ""variety_count"": 10}]"
0.6951491224783957,0.6729999529586581,0.18089636800526096,0.26041736837640655,493.0,1.0175537523782463,46.325047699908126,-0.0006978787900462492,10.0,"[{""budget"": 500000, ""final_sp"": 46.325047699908126, ""delta_sp_per_100kcal"": -0.0006978787900462492, ""variety_count"": 10}]"
3.0738832668339438,0.3348325186472697,0.13335141648919832,0.6955875175071605,342.0,2.8308369082317135,47.67621962035779,-0.0004276444059563161,10.0,"[{""budget"": 500000, ""final_sp"": 47.67621962035779, ""delta_sp_per_100kcal"": -0.0004276444059563161, ""variety_count"": 10}]"
4.500087567843518,0.5612904494924961,0.11432896289937351,0.8853682735880118,297.0,1.972436450834398,47.67621962035779,-0.0004276444059563161,10.0,"[{""budget"": 500000, ""final_sp"": 47.67621962035779, ""delta_sp_per_100kcal"": -0.0004276444059563161, ""variety_count"": 10}]"
3.6822239017992713,0.8628700504858792,0.0848774324336275,0.42004868151317853,348.0,3.41615581680419,47.67621962035779,-0.0004276444059563161,10.0,"[{""budget"": 500000, ""final_sp"": 47.67621962035779, ""delta_sp_per_100kcal"": -0.0004276444059563161, ""variety_count"": 10}]"
3.5179707534352254,0.6446240924393792,0.17943208572125066,0.5990415038624993,360.0,1.165201662695356,47.67621962035779,-0.0004276444059563161,10.0,"[{""budget"": 500000, ""final_sp"": 47.67621962035779, ""delta_sp_per_100kcal"": -0.0004276444059563161, ""variety_count"": 10}]"
5.500705178688124,0.49364586225638074,0.05480823410609961,0.20602976837593576,253.0,1.9753172504095038,47.67621962035779,-0.0004276444059563161,10.0,"[{""budget"": 500000, ""final_sp"": 47.67621962035779, ""delta_sp_per_100kcal"": -0.0004276444059563161, ""variety_count"": 10}]"
0.8666666132707386,0.6736860769087987,0.07224864915677032,0.1615339693997753,438.0,3.4168711964716083,46.325047699908126,-0.0006978787900462492,10.0,"[{""budget"": 500000, ""final_sp"": 46.325047699908126, ""delta_sp_per_100kcal"": -0.0006978787900462492, ""variety_count"": 10}]"
2.1374142353503762,0.43731760316143786,0.19286781687366877,0.6994860841959247,329.0,2.8251762819266486,47.67621962035779,-0.0004276444059563161,10.0,"[{""budget"": 500000, ""final_sp"": 47.67621962035779, ""delta_sp_per_100kcal"": -0.0004276444059563161, ""variety_count"": 10}]"
5.742336259755158,0.17410616215425156,0.18200187369364046,0.3150001686365053,497.0,2.0920901942230543,46.325047699908126,-0.0006978787900462492,10.0,"[{""budget"": 500000, ""final_sp"": 46.325047699908126, ""delta_sp_per_100kcal"": -0.0006978787900462492, ""variety_count"": 10}]"
1.077347072048569,0.6452115974521309,0.0008436873456770799,0.9566398485938445,497.0,3.1137221789023575,46.325047699908126,-0.0006978787900462492,10.0,"[{""budget"": 500000, ""final_sp"": 46.325047699908126, ""delta_sp_per_100kcal"": -0.0006978787900462492, ""variety_count"": 10}]"
1.4738745393556167,0.03615110022829038,0.1457228657917162,0.9112300210569649,343.0,1.5246036453535319,47.67621962035779,-0.0004276444059563161,10.0,"[{""budget"": 500000, ""final_sp"": 47.67621962035779, ""delta_sp_per_100kcal"": -0.0004276444059563161, ""variety_count"": 10}]"
1.1046656961063965,0.04765658184597932,0.0858228697277921,0.3131034968283369,356.0,3.2521107576088437,47.67621962035779,-0.0004276444059563161,10.0,"[{""budget"": 500000, ""final_sp"": 47.67621962035779, ""delta_sp_per_100kcal"": -0.0004276444059563161, ""variety_count"": 10}]"
3.6665272355510066,0.06485127487027487,0.1268415272116067,0.5823369336154606,205.0,2.924652952384792,47.67621962035779,-0.0004276444059563161,10.0,"[{""budget"": 500000, ""final_sp"": 47.67621962035779, ""delta_sp_per_100kcal"": -0.0004276444059563161, ""variety_count"": 10}]"
0.5316986449367498,0.15432301668681925,0.17641020380565553,0.7380468338369922,446.0,1.639941199248335,46.739990121828235,-0.0006148903056622273,10.0,"[{""budget"": 500000, ""final_sp"": 46.739990121828235, ""delta_sp_per_100kcal"": -0.0006148903056622273, ""variety_count"": 10}]"
0.325967791032056,0.2283964832534936,0.1258605348560191,0.11611831839176644,317.0,3.3619804948300387,47.67621962035779,-0.0004276444059563161,10.0,"[{""budget"": 500000, ""final_sp"": 47.67621962035779, ""delta_sp_per_100kcal"": -0.0004276444059563161, ""variety_count"": 10}]"
1.1361643467517224,0.5173827019196485,0.17252702685163857,0.17392133097854662,289.0,0.21824584605698671,47.67621962035779,-0.0004276444059563161,10.0,"[{""budget"": 500000, ""final_sp"": 47.67621962035779, ""delta_sp_per_100kcal"": -0.0004276444059563161, ""variety_count"": 10}]"
2.8103423765126454,0.5392689249973601,0.09188946855675256,0.38039808336618186,228.0,1.6832821811978604,47.67621962035779,-0.0004276444059563161,10.0,"[{""budget"": 500000, ""final_sp"": 47.67621962035779, ""delta_sp_per_100kcal"": -0.0004276444059563161, ""variety_count"": 10}]"
4.464296532945283,0.23450081878074924,0.11978062677023747,0.481598100182441,351.0,1.5218371548294143,47.67621962035779,-0.0004276444059563161,10.0,"[{""budget"": 500000, ""final_sp"": 47.67621962035779, ""delta_sp_per_100kcal"": -0.0004276444059563161, ""variety_count"": 10}]"
2.113409405947122,0.3539482958797582,0.1281129256808365,0.7783945083326557,448.0,1.5270354969460191,47.09420396960006,-0.0005440475361078625,10.0,"[{""budget"": 500000, ""final_sp"": 47.09420396960006, ""delta_sp_per_100kcal"": -0.0005440475361078625, ""variety_count"": 10}]"
0.49644521473769254,0.5190300142149689,0.10755649264487495,0.3853257421296007,347.0,2.262366173560171,47.67621962035779,-0.0004276444059563161,10.0,"[{""budget"": 500000, ""final_sp"": 47.67621962035779, ""delta_sp_per_100kcal"": -0.0004276444059563161, ""variety_count"": 10}]"
0.4569030651934354,0.3437029786306339,0.006111574447519131,0.47390107263351644,422.0,1.5029709259273623,47.29577064440589,-0.0005037342011466961,10.0,"[{""budget"": 500000, ""final_sp"": 47.29577064440589, ""delta_sp_per_100kcal"": -0.0005037342011466961, ""variety_count"": 10}]"
2.7038005973320223,0.282437602493925,0.15306896384200805,0.4344282599054493,445.0,1.935488369757541,46.325047699908126,-0.0006978787900462492,10.0,"[{""budget"": 500000, ""final_sp"": 46.325047699908126, ""delta_sp_per_100kcal"": -0.0006978787900462492, ""variety_count"": 10}]"
1.3539397080887752,0.4693050260548681,0.1319263255256631,0.17258775270334775,294.0,0.81005414633213,47.67621962035779,-0.0004276444059563161,10.0,"[{""budget"": 500000, ""final_sp"": 47.67621962035779, ""delta_sp_per_100kcal"": -0.0004276444059563161, ""variety_count"": 10}]"
0.4559443261988545,0.2118299134634597,0.11040925732454339,0.6174419592142769,462.0,2.8068795778937883,46.325047699908126,-0.0006978787900462492,10.0,"[{""budget"": 500000, ""final_sp"": 46.325047699908126, ""delta_sp_per_100kcal"": -0.0006978787900462492, ""variety_count"": 10}]"
5.231286157388158,0.724111765903622,0.09550976866028014,0.2660372570410289,478.0,0.24804660686655255,47.507026663737406,-0.0004614829972803932,10.0,"[{""budget"": 500000, ""final_sp"": 47.507026663737406, ""delta_sp_per_100kcal"": -0.0004614829972803932, ""variety_count"": 10}]"
2.7179276367978766,0.3077398247520723,0.07958126145089849,0.22243055920009824,255.0,1.11958010897178,47.67621962035779,-0.0004276444059563161,10.0,"[{""budget"": 500000, ""final_sp"": 47.67621962035779, ""delta_sp_per_100kcal"": -0.0004276444059563161, ""variety_count"": 10}]"
5.565714737835753,0.6587011878047456,0.020821983735844696,0.9054951692892714,473.0,0.28370661615793,47.45095445664522,-0.00047269743869883025,10.0,"[{""budget"": 500000, ""final_sp"": 47.45095445664522, ""delta_sp_per_100kcal"": -0.00047269743869883025, ""variety_count"": 10}]"
5.817457924253475,0.3307766356740276,0.18607976465213996,0.6486196194059692,314.0,3.9267400054118364,47.67621962035779,-0.0004276444059563161,10.0,"[{""budget"": 500000, ""final_sp"": 47.67621962035779, ""delta_sp_per_100kcal"": -0.0004276444059563161, ""variety_count"": 10}]"
1.8542978574057989,0.21257490319550876,0.017148828941816685,0.8617044868596965,242.0,3.113307457428329,47.67621962035779,-0.0004276444059563161,10.0,"[{""budget"": 500000, ""final_sp"": 47.67621962035779, ""delta_sp_per_100kcal"": -0.0004276444059563161, ""variety_count"": 10}]"
1.6316896041417273,0.8268802158629419,0.1993753905186587,0.1437870561100787,237.0,2.481592669008463,47.67621962035779,-0.0004276444059563161,10.0,"[{""budget"": 500000, ""final_sp"": 47.67621962035779, ""delta_sp_per_100kcal"": -0.0004276444059563161, ""variety_count"": 10}]"
4.849498978188921,0.052906251077804,0.15422105227510421,0.21572326676171655,395.0,2.5972736364157627,47.35143647835694,-0.0004926010343564869,10.0,"[{""budget"": 500000, ""final_sp"": 47.35143647835694, ""delta_sp_per_100kcal"": -0.0004926010343564869, ""variety_count"": 10}]"
0.38961021191653145,0.8086791807434616,0.08558170812975235,0.36087778470395515,204.0,2.736752556189383,47.67621962035779,-0.0004276444059563161,10.0,"[{""budget"": 500000, ""final_sp"": 47.67621962035779, ""delta_sp_per_100kcal"": -0.0004276444059563161, ""variety_count"": 10}]"
1.1645935702198087,0.342750330753242,0.18409927123845293,0.34465336837241883,312.0,2.3126789134413603,47.67621962035779,-0.0004276444059563161,10.0,"[{""budget"": 500000, ""final_sp"": 47.67621962035779, ""delta_sp_per_100kcal"": -0.0004276444059563161, ""variety_count"": 10}]"
2.526227546827477,0.4658857082387756,0.10362730036511894,0.11597801151236503,327.0,0.19908759596639758,47.67621962035779,-0.0004276444059563161,10.0,"[{""budget"": 500000, ""final_sp"": 47.67621962035779, ""delta_sp_per_100kcal"": -0.0004276444059563161, ""variety_count"": 10}]"
4.012309527469696,0.2531509877820257,0.031893784313868224,0.4083008515780163,240.0,0.5585706582875143,47.67621962035779,-0.0004276444059563161,10.0,"[{""budget"": 500000, ""final_sp"": 47.67621962035779, ""delta_sp_per_100kcal"": -0.0004276444059563161, ""variety_count"": 10}]"
3.7025249156291355,0.30926399819552797,0.196294329815182,0.47206920463392477,358.0,3.265635396907108,47.67621962035779,-0.0004276444059563161,10.0,"[{""budget"": 500000, ""final_sp"": 47.67621962035779, ""delta_sp_per_100kcal"": -0.0004276444059563161, ""variety_count"": 10}]"
3.3353378419528914,0.8425989048856333,0.1032266794377572,0.4214682707860722,459.0,3.005848553265105,46.325047699908126,-0.0006978787900462492,10.0,"[{""budget"": 500000, ""final_sp"": 46.325047699908126, ""delta_sp_per_100kcal"": -0.0006978787900462492, ""variety_count"": 10}]"
4.313549706219917,0.24164401779121236,0.1482904266985231,0.9657424199341741,403.0,0.6991794049938154,47.66353967433549,-0.0004301803951607766,10.0,"[{""budget"": 500000, ""final_sp"": 47.66353967433549, ""delta_sp_per_100kcal"": -0.0004301803951607766, ""variety_count"": 10}]"
4.870977645640935,0.043836937465512205,0.12862557773361968,0.160677373730226,238.0,0.8936442648088692,47.67621962035779,-0.0004276444059563161,10.0,"[{""budget"": 500000, ""final_sp"": 47.67621962035779, ""delta_sp_per_100kcal"": -0.0004276444059563161, ""variety_count"": 10}]"
2.7289784324315045,0.09494931853356858,0.18434844724653388,0.30907916860441753,466.0,0.16320359752082858,47.66353967433549,-0.0004301803951607766,10.0,"[{""budget"": 500000, ""final_sp"": 47.66353967433549, ""delta_sp_per_100kcal"": -0.0004301803951607766, ""variety_count"": 10}]"
3.612980870214017,0.5167638421319665,0.025981591897421955,0.7046519279501763,318.0,2.3673634893303346,47.67621962035779,-0.0004276444059563161,10.0,"[{""budget"": 500000, ""final_sp"": 47.67621962035779, ""delta_sp_per_100kcal"": -0.0004276444059563161, ""variety_count"": 10}]"
3.67516378452022,0.49643258888640385,0.16856050943711484,0.9048210223523969,343.0,1.4794478071651738,47.67621962035779,-0.0004276444059563161,10.0,"[{""budget"": 500000, ""final_sp"": 47.67621962035779, ""delta_sp_per_100kcal"": -0.0004276444059563161, ""variety_count"": 10}]"
4.765559343963165,0.24100221473771877,0.1391305522524505,0.6957228705821314,426.0,3.316043478743482,46.325047699908126,-0.0006978787900462492,10.0,"[{""budget"": 500000, ""final_sp"": 46.325047699908126, ""delta_sp_per_100kcal"": -0.0006978787900462492, ""variety_count"": 10}]"
2.1998082847617093,0.6122525784186328,0.01188638761999712,0.11592847016253324,464.0,3.641226627773353,46.325047699908126,-0.0006978787900462492,10.0,"[{""budget"": 500000, ""final_sp"": 46.325047699908126, ""delta_sp_per_100kcal"": -0.0006978787900462492, ""variety_count"": 10}]"
3.37724454121403,0.9197858398432528,0.09640480915752561,0.1313951417781102,343.0,2.3964145420563123,47.67621962035779,-0.0004276444059563161,10.0,"[{""budget"": 500000, ""final_sp"": 47.67621962035779, ""delta_sp_per_100kcal"": -0.0004276444059563161, ""variety_count"": 10}]"
3.191396459679117,0.6866382686941627,0.14643170836288832,0.3844405571160574,272.0,1.0412753388703821,47.67621962035779,-0.0004276444059563161,10.0,"[{""budget"": 500000, ""final_sp"": 47.67621962035779, ""delta_sp_per_100kcal"": -0.0004276444059563161, ""variety_count"": 10}]"
2.2034408678394124,0.12620103382272185,0.08192380772550396,0.1187124578736461,252.0,3.472441001057176,47.67621962035779,-0.0004276444059563161,10.0,"[{""budget"": 500000, ""final_sp"": 47.67621962035779, ""delta_sp_per_100kcal"": -0.0004276444059563161, ""variety_count"": 10}]"
0.055516025865754326,0.7452523458810492,0.09120095168663123,0.5615802762963347,477.0,0.6592529541471603,47.29577064440589,-0.0005037342011466961,10.0,"[{""budget"": 500000, ""final_sp"": 47.29577064440589, ""delta_sp_per_100kcal"": -0.0005037342011466961, ""variety_count"": 10}]"
3.790772069538458,0.3932831852820401,0.1769997889667949,0.42947002080543717,385.0,3.4373835466696603,47.35143647835694,-0.0004926010343564869,10.0,"[{""budget"": 500000, ""final_sp"": 47.35143647835694, ""delta_sp_per_100kcal"": -0.0004926010343564869, ""variety_count"": 10}]"
3.201942755124121,0.36255175461477995,0.06697304453364453,0.7440673951194,288.0,2.1101597217434542,47.67621962035779,-0.0004276444059563161,10.0,"[{""budget"": 500000, ""final_sp"": 47.67621962035779, ""delta_sp_per_100kcal"": -0.0004276444059563161, ""variety_count"": 10}]"
1.9452476149106166,0.3189398089218577,0.05495329479620825,0.7837869949100524,314.0,0.7871928141176356,47.67621962035779,-0.0004276444059563161,10.0,"[{""budget"": 500000, ""final_sp"": 47.67621962035779, ""delta_sp_per_100kcal"": -0.0004276444059563161, ""variety_count"": 10}]"
3.380909762929726,0.5946584911843714,0.005897670590494042,0.9850219694276403,480.0,3.28458509798594,46.325047699908126,-0.0006978787900462492,10.0,"[{""budget"": 500000, ""final_sp"": 46.325047699908126, ""delta_sp_per_100kcal"": -0.0006978787900462492, ""variety_count"": 10}]"
4.882758562158161,0.7780137778464028,0.1588557473971088,0.7382286395596208,499.0,3.921476068548722,46.325047699908126,-0.0006978787900462492,10.0,"[{""budget"": 500000, ""final_sp"": 46.325047699908126, ""delta_sp_per_100kcal"": -0.0006978787900462492, ""variety_count"": 10}]"
1.791351705293921,0.7735058261011899,0.02062914261505915,0.6552723316723694,460.0,3.0538907509085007,46.325047699908126,-0.0006978787900462492,10.0,"[{""budget"": 500000, ""final_sp"": 46.325047699908126, ""delta_sp_per_100kcal"": -0.0006978787900462492, ""variety_count"": 10}]"
1.6780781968639598,0.35830810669459967,0.0950621504470755,0.9854812633838195,365.0,3.858098755902348,47.67621962035779,-0.0004276444059563161,10.0,"[{""budget"": 500000, ""final_sp"": 47.67621962035779, ""delta_sp_per_100kcal"": -0.0004276444059563161, ""variety_count"": 10}]"
0.8687151462610543,0.40902770113611764,0.011176708148088488,0.13542749335177812,469.0,1.6640741724206825,46.325047699908126,-0.0006978787900462492,10.0,"[{""budget"": 500000, ""final_sp"": 46.325047699908126, ""delta_sp_per_100kcal"": -0.0006978787900462492, ""variety_count"": 10}]"
0.5179852781265679,0.6233063412160691,0.19361544739092723,0.24633647343936996,240.0,0.8140099941793997,47.67621962035779,-0.0004276444059563161,10.0,"[{""budget"": 500000, ""final_sp"": 47.67621962035779, ""delta_sp_per_100kcal"": -0.0004276444059563161, ""variety_count"": 10}]"
1.518742046131705,0.08310741703576241,0.07151374635185752,0.11571954776218588,201.0,2.4844712115683873,47.67621962035779,-0.0004276444059563161,10.0,"[{""budget"": 500000, ""final_sp"": 47.67621962035779, ""delta_sp_per_100kcal"": -0.0004276444059563161, ""variety_count"": 10}]"
2.9385961277291694,0.11080310183722819,0.08928848743114766,0.2936897671240829,297.0,0.9603292443799623,47.67621962035779,-0.0004276444059563161,10.0,"[{""budget"": 500000, ""final_sp"": 47.67621962035779, ""delta_sp_per_100kcal"": -0.0004276444059563161, ""variety_count"": 10}]"
0.4208296376128988,0.9339307866360947,0.11906003764424711,0.49077759883350336,492.0,0.9161198813860905,46.739990121828235,-0.0006148903056622273,10.0,"[{""budget"": 500000, ""final_sp"": 46.739990121828235, ""delta_sp_per_100kcal"": -0.0006148903056622273, ""variety_count"": 10}]"
3.9925483693117814,0.10153544971712991,0.10047567183932167,0.33915930946668593,380.0,3.8950237625304527,47.35143647835694,-0.0004926010343564869,10.0,"[{""budget"": 500000, ""final_sp"": 47.35143647835694, ""delta_sp_per_100kcal"": -0.0004926010343564869, ""variety_count"": 10}]"
1.7032578539539818,0.31787847046280826,0.02670017403810783,0.7289497374633995,482.0,0.5781103345281524,47.29577064440589,-0.0005037342011466961,10.0,"[{""budget"": 500000, ""final_sp"": 47.29577064440589, ""delta_sp_per_100kcal"": -0.0005037342011466961, ""variety_count"": 10}]"
0.3382727168628905,0.4017213737885491,0.09793680175775575,0.6795207869056364,424.0,0.9880821699101245,47.35143647835694,-0.0004926010343564869,10.0,"[{""budget"": 500000, ""final_sp"": 47.35143647835694, ""delta_sp_per_100kcal"": -0.0004926010343564869, ""variety_count"": 10}]"
2.8271446991835862,0.07363575751121909,0.038062119260052235,0.6112710234785871,304.0,0.282284395341585,47.67621962035779,-0.0004276444059563161,10.0,"[{""budget"": 500000, ""final_sp"": 47.67621962035779, ""delta_sp_per_100kcal"": -0.0004276444059563161, ""variety_count"": 10}]"
1.2140161416537558,0.7607340101939227,0.0972115395714097,0.6226755244493659,465.0,1.9763417239439054,46.325047699908126,-0.0006978787900462492,10.0,"[{""budget"": 500000, ""final_sp"": 46.325047699908126, ""delta_sp_per_100kcal"": -0.0006978787900462492, ""variety_count"": 10}]"
1.3226259839541146,0.8416119349985627,0.15463262456573426,0.426999597194647,343.0,2.949693989553563,47.67621962035779,-0.0004276444059563161,10.0,"[{""budget"": 500000, ""final_sp"": 47.67621962035779, ""delta_sp_per_100kcal"": -0.0004276444059563161, ""variety_count"": 10}]"
2.8833699654631153,0.21956055704916821,0.14229977345471942,0.6774402495662677,341.0,1.9836243778207798,47.67621962035779,-0.0004276444059563161,10.0,"[{""budget"": 500000, ""final_sp"": 47.67621962035779, ""delta_sp_per_100kcal"": -0.0004276444059563161, ""variety_count"": 10}]"
5.350975871351052,0.4587296510569182,0.12148069964940143,0.3589258904696895,442.0,2.269480738338509,46.325047699908126,-0.0006978787900462492,10.0,"[{""budget"": 500000, ""final_sp"": 46.325047699908126, ""delta_sp_per_100kcal"": -0.0006978787900462492, ""variety_count"": 10}]"
2.001167642055389,0.07055608924527101,0.11846095809493068,0.13332961235813573,207.0,2.7618760499519084,47.67621962035779,-0.0004276444059563161,10.0,"[{""budget"": 500000, ""final_sp"": 47.67621962035779, ""delta_sp_per_100kcal"": -0.0004276444059563161, ""variety_count"": 10}]"
